ar,تادامتسو كيشيموتو,NABP1,جائزة اليابان الكبرى للدراجات النارية 2003,مشهد حديقة راوندهاي,خيرونيمو دي لا غاندارا,استيبان هورتاس,راجو تامانغ,جون كيمش,جولييت كامبل,توم بكنغهام,الكويكب 343634,ليز روي,تشارلز رايت (مصارع),حجر (محافظة رابغ),ريان أرانيا,هجوم فيستولا - الأودر,غرانت هولمز,محطة شبرا الخيمة,هيلينا ياكوبس,صموئيل إس. فيلبس,بساتين سراج الدين,ألمو أبوري (آيت مسروح الوسطى),(38021) 1998 MG1,عرب العيايدة (الخانكة),زيادة آخر,الكويكب 275682,النسر (فيلم 2011),ذراع سويد (فرع العدين),إيرين غيلبرت,سان غريغوريو,الحسينية (بغداد),كالينينسك,عبد الله بالدي (سياسي),أوتو شنايديفولف,دبليو أ. بي. كوليدج,قائمة الأفلام المصرية سنة 2000,29 رجب,الجرار (الحدود),شعب الحجري (القفر),جيسيكا بومان,ووكاش جيراك,ملكية خاصة,الحي والميت (رواية),ورم مصلي,ازنضو (اروهالن),كيم فالكونر,موريس كوبر,رانيا مأمون,فرد كون,نقابة الصحفيين العراقيين,بينما يبكي جيتاري بلطف,نادي دارتفورد,بطولة ويمبلدون 1988,دالي كاسترو,سفر هوشع,موتور جمال (بمبور الغربي),سام موشنيك (مصارعة),ساتشا كورب,ملعب ليون دون كولبوفسكاي,(14813) 1981 QW2,سآخذك هناك (رواية),برونو موتا,فيفيان هاريس,القوة الديمقراطية الجديدة,تشارلز وارد,زرع الشعر,المياه في الجزائر,خرشنة صفراء المنقار,ياسمين تشونجار,بطولة أمريكا الجنوبية لألعاب القوى 1989,روني جرانديسون,تلوين (تسوخت),جون ميرفي (دراج),قائمة البلدان من حيث عدد السكان لعام 1900م,أنا (جزيرة),تشارلز غيتو,(30633) 6120 P-L,ألان وليامز (ملحن),منى ضميدي,1968 في التلفزيون البريطاني,جائزة هولندا الكبرى 1959,ذي حصين (السبرة),عين ولمان,ميتش كلارك (لاعب دوري الرغبي),هدف (صحرا بردسكن),ابن مبشر,أمير الظلام (فيلم),بيل أوكونيل,جاك هوفمان,كينيث أندرسن,عين الأصيل,فيلي غيست,كايسا دالبيرغ,خلف الحبايب (فيلم),كارسون جونز,تشاو تشاو,العلاقات الفلبينية المجرية,طراز خاكي,الجيوش الأجنبية الشرقية,متحف موموفوكو أندو لكأس النودلز
zh,巴顿瀑布,鬧鐘,桑福德 (北卡羅萊納州),莫斯科国家马戏团,副特提斯洋,北城街道 (单县),海蘭萊克斯 (阿拉巴馬州),後馬克思主義,北嶺墘,博略 (阿尔代什省),伊格纳季·诺维科夫,互营菌属,L函數,香港客家語,米罗·采拉尔,瑶峰镇,小行星3615,舞台姐妹,清法戰爭滬尾古戰場城岸遺蹟,格奥尔格·施特罗布尔,馬勒里湖,中共中央文献研究室,米哈伊洛-亞歷山德里夫卡,中介語,米利亞京 (伊瓦尼奇區),佩克索讷,磁連棋,許月湘,勒比尔戈,刀下留人,几内亚比绍驻华大使列表,2020年夏季残疾人奥林匹克运动会盲人门球比赛,余延业,菲律宾移动板块,关中十大怪,東竹車站,特拉格斯,任天堂GameCube游戏列表,伦敦地铁1972年型列车,汪希苓,郭千瑜,馬爾科姆·南斯,指定居所监视居住,司马端,安息香属,朱啓鳳,皮內多將軍鎮 (查科省),阿希阿加爾河,永寧縣 (定陽郡),大西廣樹,歇甲庄村,居素甫·玛玛依,小行星8047,2009年世界運動會空手道比賽,刘琦 (1956年),2016年夏季奧林匹克運動會英國代表團,武尔勒,塞氏鱒,南站南广场站,林利思哥宫,麥克林山,奧地利的瑪麗亞·艾瑪莉亞,普盧瓦特環礁,約翰二世 (勃蘭登堡),加氏泥鱂,盛夏的陣雨,大围山假瘤蕨,九村镇,河东街道 (衡水市),张白泽,猶他州約旦河聖殿,蒂萨绍什,度田,圆锥索金小蜂属,靳勒,小行星20230,保罗·梅西耶,AR-10自動步槍,日本戰後改革,披针叶小牵牛,胡孟青,灰喉裸鼻雀,里斯本的祕密,柚皮苷,柳泉铺镇,森帕赫湖,胡谐之,佐齊夫卡,无斑凡塘鳢,秀麗隱桿線蟲,張若妤,小行星5815,蕭歡,海門豪森,苍白蒲公英,鳳信部落,紅樓夢影視作品列表,協進大樓,刘明 (1954年),河南路 (青岛)
ja,UFC選手一覧,防衛庁副長官,高槻市立第九中学校,仁田忠常,中国の漆器,ネクソン,みそカツラーメン,フィギュアスケート選手一覧,F4B (航空機),シュナイダープロペラ,CLUB SURF&SNOWBOUND,MADOKA,瀧野佳宏,ワリ (ナイジェリア),大湯都史樹,オオシマヒロユキ,神奈川県道739号真鶴半島公園線,杉妻町,千歳市立末広小学校,アリスイ,エル・ドラド (1966年の映画),柳家小さん (5代目),小美野雅彦,ロック (音楽),レディング (ペンシルベニア州),兵庫県道201号明石港線,ぱんもろっ!,Ne0;lation,＃好きなんだ,フランツ・シューベルト,クニフラー商会,田島日出雄,龔翔宇,ウィリアム・レバロン・パトナム,カレドニアン鉄道,二十四節季,道の駅泗水,国際地球観測年,戸島花,時計歩度測定器,北海道道1000号富士川上線,菅田将暉,京都市立岩倉南小学校,オスカー・シュレンマー,一玉斎,セブン&アイ・ホールディングス,ハイメ・アルフォンソ・ルイス,有声両唇破擦音,アンジェラの灰,チャールズ・ワトソン＝ウェントワース (第2代ロッキンガム侯),小作田,ベネラ計画,とある魔術の禁書目録 アーカイブス,永井良三,武藤礼子,ペーパークロマトグラフィー,SPICY BOYS with Sugar Boy,白い恋人たち (曲),トータルウォー:ショーグン2,WHiSPER (in your eyes),山陽TVイブニングニュース,玉船町,宇土市立宇土小学校,麦汁,柴胡桂枝湯,みつみ美里,未来ビジョン 元気出せ!ニッポン!,1984年,貴船まつり,シティ・スリッカーズ2/黄金伝説を追え,河合堯三,ケブカミジンコ科,栃木県道277号小来川清滝線,天久聖一,巨人の星 (アニメ),呂号第二十九潜水艦,国場川,ジェフ・ラレントウィッツ,フアン家のアメリカ開拓記,安渡島,ハイタム・アレーサミ,素敵なラブリーボーイ (漫画),ペイリオコン,ノティシアス・カラコル,松浦慎一郎,渡邉心結,アイラちゃん,ヴィヴァンディエール,大村純鎮,よしだたくろう ベスト・セレクション,臼杵市,Q4OS,角替和枝,リトアニア自由連合 (1990-2003),クリストファー・マンセル (第3代マンセル男爵),藤吉優,セルゲイ・クワエフ,李椿 (朝鮮),楚雄府,レアンドロ・アウタイール・マシャード
ko,미야코다촌,필라스 오브 이터니티,LG X2 (2018),탄쯔구,샤히드 카푸르,갓프리 티얼,ESLint,샹그릴라시,역방향 DNS 조회,박성현 (배우),닌우르타-아팔-에쿠르,Beautiful Day (Lead의 노래),스카이 큐브릭,Icsca,효림초등학교 축구부,속지주의,심포리역 (운흥),제8군 (영국),시크릿 라이프 오브 워즈,친구 2,안압,폴룩스 b,아리요시 사오리,사카구치 도모타카,클로드 슈발레,첸트랄레역,대체적 분쟁 해결,라리가 2021-22 경기 일정,속초시·고성군,1997년 9월 2일 일식,5 Tracks Deep,애플링군,타이족,1982 (2013년 영화),A Brief Inquiry into Online Relationships,문정창,선생님의 일기,도쿄가,글라스노스트,1906년 중간 올림픽 레슬링 남자 그레코로만형 무제한급,등록질,People's Instinctive Travels and the Paths of Rhythm,임실군,라세우두르젤,그린랜드 그룹 쑤저우 센터,후지 TV 금요드라마,핑계,한탄생명과학재단,유방,리처드 카라일,크리스티나 피셔,알라티리,틸라 로링,북부주 (카메룬),석송속,춘천기계공업고등학교,CE 라지아덴시,억척어멈과 그의 자식들,SpadFS,In My Head (음반),녹군,블라디미르 드린펠트,아흐메트 아타예프,신세림,앉아있는 서기,로버트 에이크먼,헤움현,이해고,시바카시,오스트레일리아 여자 농구 국가대표팀,웨스트버지니아 케이아스,증손자,양장피,밍크 (잡지),Simple API for XML,윌리엄스 자매,구스타브 프레이,퓨처 베이스,빈 디젤,통킹 의숙 광장,안캉시,제시카 고메스,도쿠가와 사천왕,험버 장갑차,커스티 맥콜,SRV 레코드,홍남로,화이트 리본 컵,완전 입방진,강릉 보현사 대웅전,대한민국-요르단 관계,베어 (1988년 영화),운정중앙역,낙수 효과,공손하,히코산역,쿠스다 아이나,선박기관사,김형광,맹사성
ta,உள்ளூர் எல்லைப் போக்குவரத்து,சிரோஹி மாவட்டம்,நேதாஜி நகர் மகளிர் கல்லூரி,களத்துபுதூர் சாமுண்டியம்மன் கோயில்,கமர்புகூர்,"ஆத்திரேலியத் துடுப்பாட்ட அணியின் இந்தியச் சுற்றுப்பயணம், 1996–97",பெனாய் உப்ரெட்டி,கானரசு,சோமூர் வரதராஜப்பெருமாள் கோயில்,ரி-90,சந்தை விலைப்படுத்துதல்,ஆரணி நகராட்சி,கே. தளவாய்புரம் ஊராட்சி,பிரிகையாக்கிகள்,பீனீத்தைல் ஆல்ககால்,மீன் குழம்பும் மண் பானையும்,வெண்காது வெண்கலக் குயில்,ஆடம் சம்பா,ஜேம்ஸ் கேமரன் (துடுப்பாட்டக்காரர்),நண்டி மாவட்டம்,உடைக்கும் சில்லு,சஃப்தப் காலித்,ஈரசிட்டைல் பெராக்சைடு,வைப்பார்,நாராயணன் சீனிவாசன்,குணசீலம் ஊராட்சி,இரண்டாம் நீதிமார்கன்,கிருஷ்ணசாமி பொறியியல் மற்றும் தொழில்நுட்ப கல்லூரி,நட்சொசு,தங்கனீக்கா,தலைமைப் பதிவாளர் மற்றும் இந்திய மக்கள்தொகை கணக்கெடுப்பு ஆணையர்,விட்டலாபுரம் திரௌபதியம்மன் கோயில்,துளு திரைப்படத்துறை,சம்பந்தனூர் அம்மச்சார் கோயில்,செயற்கை உரம்,குடும்பத் தலைவி,பட்டணத்து ராஜாக்கள்,களத்தூர்,யாதமரி,வெங்களிப் பொறியியல்,நெடுங்குழு 4 தனிமங்கள்,2018 குளிர்கால ஒலிம்பிக் விளையாட்டுப் போட்டிகள்,தலையாலங்கானத்துப் போர்,அரசுத் தலைவர்,ஹமித் கர்சாய் பன்னாட்டு வானூர்தி நிலையம்,என்னைப் பார்,யும்னா ஜைதி,சேவை பெறும் உரிமை சட்டம்,நெப்டியூனியம்(IV) புளோரைடு,சத்தீசு பிரதான்,பரம்பரை (திரைப்படம்),சாதாரண இசுடார்லிங்,சித்திரக்குடி ஊராட்சி,ராஜ்கமல்,பார் அட் லா,ஜாக்கர் அணை,பிரெவோசுட்டு வினை,சியாமலி,ஆடு (சீன சோதிடம்),சரண்யா அறிவழகன்,கிருட்டிண குமாரி,மு. பட்டி ஊராட்சி,ஆசிசா பாத்திமா இமாம்,கேளம்பாக்கம் ஊராட்சி,2586 மேட்சன்,அயன அயல் மண்டலம்,ரிச்சர்ட் பொவர்ஸ்,க்ரியாவின் தற்காலத் தமிழ் அகராதி,கமலா பாசின்,சு. சுப்பிரமணியன்,ஈராக்சோசக்சினிக் அமிலம்,சார்லொட் அமாலீ,தர்மலிங்கம் சித்தார்த்தன்,1989,கில்லிக் (கென்ட் துடுப்பாட்டக்காரர்),கல்கிசை,கொலொன்னை,அபிமன்யு ஈஸ்வரன்,பிளெய்சு வினை,மகாராட்டிரா முதலமைச்சர்களின் பட்டியல்,பிரதிமா தேவி (ஓவியர்),முகில் (மீன் பேரினம்),நாளைய தீர்ப்பு,கியுனைஃப்,வாழ்த்துங்கள்,ஓலபட்டி,மனோஜ் திவாரி,கதம்ப இறால்,தேசிய ஒருமைப்பாட்டுக்கான இந்திரா காந்தி விருது,மணிப்பள்ளி நாராயண ராவ் வெங்கடாச்சலய்யா,64,மும்மை வில்லை,யூரிக்னேமா,செபாங்கர் தீவு,ஐக்கிய நாடுகள் பொதுச் சபை பார்வையாளர்கள்,வெள்ளிவயல்,சபாஷ் மாப்பிள்ளை,இலவுயிசே து பியேரி,வி. திருமலை பிள்ளை,பத்தூர்
ar,لقمان ديركي,لاري هيرنانديز,إليزابيث آن ويتني,مولودية وهران,ريتشارد أنجيلو,يسوكي كوباياشي (لاعب كرة قدم مواليد 1994),نشيد جبل طارق,تشارلي فيليبس (لاعب كرة قدم أمريكية),تايتشي ياجامي,منظور,NGC 347,محور ديروط,دورين ياكوبي,أرتحششتا الأول,محمد العماري,كريستوفورو بونديلمونتي,عضو مجلس الولاية,2023 في موريتانيا,سفارة فرنسا في ألبانيا,طلتروس تولي,فران سانشيز,وعلان مبقع,تيزيانو بروزوني,فيلا كراوس (مدينة),HINT1,يوميات حارس ليلي,جورج غلوبرمان,نجد السوداء (حبيل جبر),انتماء ديني متعدد,غاري كولينز (ممثل),شاطئ الصنوبر الأبيض,جائزة هولندا الكبرى 1982,جويلهيرمي أوغوستو,جان بيار كاهان,هيو فرازير (قاضي),معرفة صريحة,يو إس إيه برو تشالنج 2013,حرف الخطاب (بني العوام),سحلية ليلية كوبية,باك سونغ هيوك,إنكار الإبادة الجماعية للشعوب الأصلية,جنرال إلكتريك للطيران,علم الطاقة,إحياء العمارة الرومانسكية,أوديلجون هامروبيكوف,باراكاس (حضارة),شركة غاز كوريا,الفخار المصري القديم,محطة فضاء,شيفروليه كورفيت,مستوى العتبة,ميخائيل ديلاني,كارلوس أمفينو,وادي الحسا,قائمة أنواع الأرقطيون,جيم بيري (لاعب كرة قاعدة),راي لوران,الفرقة 16 إجرام (فيلم),أبو علي الجوزجاني,تيسخت لجبال (آيت الرايس),لوريتا ماكنيل,نادي سونغنام,كييل هولمزتروم,ستاتيستا,ريتشي سوتون,غوتفريد كيلر (عالم نبات),المجران (يريم),خلنج مور,ناصر بن محمد الجبري,العلاقات الإندونيسية الهايتية,خط طول 26° شرق,الحرف (مذيخرة),أنتوني سيمونز (كاتب),صافيني مرة,إيفان بيريتاشفيلي,مولد توربو,برايان هنتر (لاعب كرة قاعدة),المونارخية,فادو موتسيلور,النصب التذكاري للاستقلال في كييف,168 (عدد),نادي ليبورن,الجمعية السعودية للأورام,فاكوندو فيرايرا,سام سيكستون,جائحة فيروس كورونا في أوقيانوسيا,إيه في إن,لي سو ين,قائمة سلالات البط,سيسك فابريغاس,اليوم العالمي للمدن,فرح الهادي,سنجة (جنس),ولفرام سيفرز,المستقبل يبدأ غدا,روب كووي,احتجاجات الجبل الأسود 2019,وزير المساواة,جامعة القديس طوماس,انظروا من عاد (رواية)
zh,蕾西·哈特,河南卷瓣兰,昆明滑蜥,卡勒·松德奎斯特,艾氏頭脂鯉,邢亮,康沃爾 (密蘇里州),或有權益,海湾旅游区,盧圖吉諾區,维尔弗里德·迪特里希,汉斯·莱姆,沃農·安尼達,王素君,彭晓辉,橫山站 (桃園市),莱西县,新羽島站,凯琳妮莎,全參考圖像質量評估,雷梅迪奧斯德埃斯卡拉達,趙士完,石韦属,陸埜,長手龍占麗魚,十三陵镇,結緣甘神神社,科贝特氏菌属,Iku老師,香港2010年6月,陈永灿,東馬,埃格納赫,霍超,Intel 4004,勇敢級護衛艦,邦妮和克萊德,18-羟基-11-脱氧皮质酮,察爾卡,马克西姆·梅尔莫兹,阿尔维德·安德松,井波站,美國學生貸款,若潮号触礁漏油事故,第一代阿德里安男爵埃德加·阿德里安,表面傳導電子發射顯示器,內政部移民署,里瑟爾,祖斯馬·昆特路,2007年日本動畫列表,吴锦堂墓,亚硒酸氢铷,安东·克拉斯诺霍尔斯基,英国铁路91型电力机车,阿藍·阿薩蘇布薩坤,王能 (建文進士),阿道夫·林德福什,順德菜,宋存德,哈爾夫常思 (阿拉巴馬州),萨马尔,红视,马占山故居,閻夢夔,伊沃·拉多夫尼科维奇,Apple 密歇根大道,誰來演戲,彼得三世 (俄罗斯),杰弗里·H·帕尔默,巴尔 (卢瓦尔省),墨吉泥毛蟹,秀林國小,威尔科克斯县 (亚拉巴马州),短促京黄芩,埃里希·鲁登道夫,你也一樣謬誤,亨利·哈利特·戴尔,詹国海,厦门市第二农场,津浦战役,凤凰山隧道 (珠海),勞卡,亞利桑那州統計區,沈拜奧,特樂弄蝶屬,克勞迪娜·奧格爾,穩健設計,维克托·伊万诺维奇·索博列夫,阿普歇伦半岛,滇藏点地梅,斯托克德·錢寧,STS-107,克里斯托弗·蘭道,黃士藻,埃爾多維奧,滨江开元广场,上游二号,朱洪章,叩头,茶碱乙酸
ja,バインシレ層,ガイウス・カッリナス,高橋長七郎,東利夫,井上因達因碩,SH-05E,岐阜県立益田高等学校小坂分校,大分大学の人物一覧,赤松要,建中寺,こぶし町,三川村 (千葉県),金沢学院大学の人物一覧,フェニルアセトアルデヒド,斎藤朝信,霊歌,ベン・ミー,伊波伴准,トラヤン・バセスク,阿波市立阿波中学校,綿貫雄介,ヴェルト (オストアルプ郡),福島県道394号相馬新地線,犬回虫,西村圭子,消費者庁,"平和の琉歌 〜Stadium Tour 1996 ""ザ・ガールズ万座ビーチ"" in 沖縄〜",篠山市立城北小学校,CUTT,網引金村,アビエイ地区,フランシスコ・ソラーノ・ロペス,中島厚,法親王,Debuya,平野区,土支田村,堀越せな,真夜中のルーレット,青島健太,質量の比較,高村田使,吉岡一男 (天文学者),HARUHI,ブルゴーニュのブドウ畑のクリマ,丘山新,全日空松山沖墜落事故,フォックスホール・パーカー,千田国広,グランド・セフト・オートシリーズ,フレンチ・コップス,平井弓子,ジョン・レノン,サティア・ナデラ,稲沢祐介,東京都立雪谷高等学校,新十津川町,茅ヶ崎市,Twilight (電気グルーヴ×スチャダラパーの曲),足の不自由な男を癒す聖ペテロと聖ヨハネ,追手町 (会津若松市),ロビン・クアイソン,雁股田トンネル,東川村 (福島県),烏賀陽弘道,"9,10-ジヒドロキシアントラセン",一ノ瀬恋,ルートヴィヒ・ヴァン・ベートーヴェン,1976年インスブルックオリンピックのクロスカントリースキー競技,ロシア・プレミアリーグ 2015-2016,朝倉市,もう一人のマリオネット,倉橋えりか,国鉄EF67形電気機関車,オーストリアの都市の一覧,ザ・タワー中島公園,杖ペチ魔法使い♀の冒険の書,バーク・センター駅,東大阪大学,大迫輝通,竹原市,浦和伝統文化館恭慶館,ユーリー・クラスノジャン,彩色数 (結び目理論),BEWITCHED,B・J・ノヴァク,少女時代-Oh! GG,マシブレレ・マケプラ,南野 (多摩市),日本国憲法第53条,新井健一,朱士行,白玲戦,木之本興三,ウィリアム・H・メイシー,千葉シーサイドバス,日本学生野球憲章,小坂憲次,Badi,ユースティティア
ko,김승안,원피스: 진귀한 동물의 섬 쵸파 왕국,웨이크섬 전투,연도항 (군산시),리키니우스-섹스티우스 법,월드 베이스볼 클래식,이그젝티브 쉬트,토르네오 데 베라노,전사 라이안,김태련 (1929년),켄턴 듀티,세계복음주의연맹,한대수 (가수),2011년 서울대 본부점거 사건,판도라: 조작된 낙원,라우팅 프로토콜,사누마정,알리 하산 므위니,화스쿠이,BALaT (식별자),이반젤리컬 쿼털리,호문쿨루스 (영화),한광호,서울원촌초등학교,체코 요리,치앙무안군,무라타촌 (니가타현),부-부-카가부-,옌바이성,일본 제국 해군의 전투 서열 (1941년 12월 10일),아피키우스,김주영 (사회운동가),장재영 (기업인),레니 로브레도,빅 버킹엄,유주사,마저리 램보,안드레아 델 사르토,피아노 소나타 10번 (모차르트),1751년,HEART*IZ,스핀 마스터,홍가권,HD 209458,소망초등학교,노바야 가제타,데게네리아속,니시다니촌 (효고현 시소군),후쿠마정,단순한 삶,다이하이드로프테로산,JTG,구미여자상업고등학교,4군 6진,중앙유럽 자유 무역 협정,37기 하이원리조트배 명인전,에드몽 파리,Veedon Fleece,J. B. 프리츠커,나자린,임수진,아이쇼스피드,피셔 방정식,국민의미래,탈로스 (영화),소상공인시장진흥공단,윈스럽 (매사추세츠주),화살꼬리다람쥐속,벨리즈의 국기,탤리 브라운,우정국로,산성로 (청주시),말레이폴리네시아조어,한국소셜미디어기자협회,우파 (도시),계양구,김업이,야마구치 게이,변무근,상하이 드래곤즈,선덕여왕,박홍식 (성우),프란체스코 모리에로,애간장 (드라마),루돌프 디젤,프로젝트 런웨이 올스타,로이 엘드리지,정수영 (강사),손탁호텔,TBL (철도 신호),확공기,와이클리프 장,중화인민공화국의 대량살상무기,컬럼비아 법학대학원,양식비평,덴버 (영화),오구리 다다마사,야부하라역,지위 이론,후이셴시
ta,ஊடுபாலினர் மனித உரிமைகள்,டெம்பர் (திரைப்படம்),ஆனந்த் சர்மா,கிளைக்கோசன்,தங்கமீன் (இணைய இதழ்),உஸ்மானாபாத் மக்களவைத் தொகுதி,மடகாசுக்கர் அரியோந்தி,மருத்துவ உற்பத்திகளை அடையாளங்காட்டல்,யானை விருத்தம்,செய்குத்தம்பிப் பாவலர்,எம். அனந்தநாராயணன்,குதிரைச்சந்தல் பிடாரி கோயில்,இரக்கம்,ஒசூர் வன உயிரியல் சரணாலயம்,சிறப்பு பெயர்கள் கொண்டு அழைக்கப்படும் நகரங்களும் நாடுகளும்,டி. என். அனந்தநாயகி,நிசித்த கர்மம்,எதியோப்பிய குறுங்கீரி,தென்மேற்கு காரோ மலை மாவட்டம்,பெல்லாரியின் வரலாறு,பவானி கோ - 63 (நெல்),சரஸ்வதி கோயில்,பேரணாம்பட்டு வட்டம்,கோட்டூர்மலையாண்டிபட்ணம் ஆதாளியம்மன் கோயில்,நியண்டர்தால் மனிதன்,கல்யாணி (திரைப்படம்),கங்கா தேவி (ஓவியர்),மணலி ஆறு,மத்திய மண்டலக் குழு,வண்டூர் சட்டமன்றத் தொகுதி,பியூட்டின் (மூலக்கூறு),சீசியம் பெராக்சைடு,கங்கணம் (இதழ்),பாலையூர் லெட்சுமி நாராயண பெருமாள் கோயில்,இலுப்பக்குடி ஊராட்சி (சிவகங்கை),தொற்றுநோய்,ஐன்சுடைனியம் டெட்ராபுளோரைடு,சைவ சித்தாந்தம் கூறும் தத்துவங்களும் தாத்துவிக்களும் (நூல்),செருவாரி இலட்சுமணன்,பௌசியா விகார்,அப்துல் குவாவி தேசுனாவி,தமிழ்வழிக் கல்வி இயக்கம் (அமைப்பு),கரேலியனைட்டு,ஏபெய் மாகாணம்,காட்சிலா சட்டமன்றத் தொகுதி,தேவதாஸ் காந்தி,தோணியக்காவு பத்ரகாளி கோயில்,இயேசுநாதர் சரிதை (நூல்),காவின் புல்,இரத்தச் சர்க்கரைக் குறைவு,மெகுலி கோஷ்,மொரசம்பட்டி,ஹசாரிபாக் சட்டமன்றத் தொகுதி,குமுதினி பாசு,சட்டமுறை எடையளவுச் சட்டம் 2009,அன்பு (2003 திரைப்படம்),ஜெ. கே. எஸ். பிலிம் கார்ப்பரேசன்,குவாங்,பிரம்மஞான சபை,நடுவனேரி பெருச்சாளி நத்தம் மாரியம்மன் கோயில்,ஸ்ரீ சண்முகா இந்து மகளிர் கல்லூரி,மாக் ஓஎசு எக்சு மாவரிக்சு,2918 சலாழ்சர்,சாத்தான்குளம் அழகம்மன் கோயில்,ஜெலாப்பாங்,மல்லப்பா தன்ஷெட்டி,முனுசாமி நாயுடு,நாயகி (திரைப்படம்),பால்மோரல் தொப்பி,சானியா அப்பூப்,ஓக்லோ,முகேசு பத்ரா,கோறளைப்பற்று மத்தி பிரதேச செயலாளர் பிரிவு,கருவூர் (சங்ககாலம்),ஹவுரா மாவட்டம்,வசுத்தோச்சினி விண்வெளி ஏவுதளம்,பிர்லா மந்திர் (ஐதராபாத்),ஜிம் புன்டைன்,கூழாங்கல் (திரைப்படம்),3-குளோரோபுரோப்பியோநைட்ரைல்,கிரீடம் (பல்),மார்க் கில்லிவர்,சண்டிகரில் இராமலீலை,சுனந்தா குமாரிரத்னா,சசி தரூர்,ராணிகேத்,சங்கர சுப்பையர்,பூனை மீசை செடி,கும்புளாப் பாரை,ஏர்வாடி இராதாகிருஷ்ணன்,தக்காணப் பீடபூமி,சூறைக்குருவி,பர்கலா சட்டமன்றத் தொகுதி,பாப்பாமோட்டை,சுற்றுச்சூழல் பாதுகாப்புச் சட்டம் 1986,நாடுகளின் பொதுநலவாயம்,இலித்தியம் லாரேட்டு,"அரியூர், மதுரை",சங்கர் கோசு,சார்லஸ் எம். இலிஸ்
ar,كأس السويد 1942,الجامعة الملكية المغربية لكرة السلة,فولوديمير فركيس,بوني براملت,قائمة السنوات في السودان,امنقل,767 هـ,عبد المنعم عمارة,جورج دوميزيل,كوم الطرفاية,البورات الخضارة (الخضارة الخبيزات),السيرة النبوية,آدم تان,صابونيات,كلود بلانشارد,أشرف الحجوج,منظمة 501(c)(3),نادر البزري,ميت سهيل,إيزولو لامي (فيلم),تيموثي داولنغ,كنيسة غريغوري إسطفان,تريسي هيوارث,محمد علي العجلوني,مارتن فان دير هورست,موتور زرغرها شماره يك (أرزوئية),كيوسيرا,شقران حلو الرائحة,توماس سيتون سكوت,أغوستين إستيف,موسيس سيمون,وحيد خليلهودزيتش,كاسيا نودوزا,زاك ناش,بيل روس,روبين تريجو,بوشيني بنغالي,شعار التبت,تنغة راز (راز),اختبار حسابي,ويرنر أوتو,أنطونيا رايت,ليزلي فيرغسون,ماتيلده يونكر,باد كيسينغن,كيث جونز (لاعب كريكت بريطاني),رودني غونتر,جان تروزيه,درة غاتشي آب ديفه (كوشك),كأس البرتغال 2014–15,الأجمة (رواية),جيسيكا سالازار (دراجة),تسمم الحفاز,إلينا غوميث سيرفيرا,أحمد العنزي (لاعب كرة قدم مواليد 2004),يوهان خواكيم فريش,ويليام ماكراكين,مشعر (مسورة),نادي أوستريا زالتسبورغ,لوست (مسلسل),محمد عظيمة,أم الصبيع (امسيد),بدائل (فيلم),سكيلاندرز: سبايروز أدفانتشر,منطقة عسير,أنتونينا كريفوشابكا,دشت أنارستان (كوهمرة خامي),منظمة إكس (اليونان),غينادي غوساروف,نيكولاس روجرز (دراج),(202925) 1998 QF29,هيفاء حسين,سنيا,(8090) 1991 RO23,دوروثي ليمان,أبان بن عبد الله البجلي,KCNH1,رابطة كرة القدم اليابانية 2006,غراند بيه,نجدة داشي,جسر باب القنطرة,تواحيت (آيت عتو تيعلالين),سفيان يونس,إسبن أجدستاين,بروفاري,إيست أتلانتيك بيتش (نيويورك),الاتصالات في الأرجنتين,التارزي البرجي,طيران الجزيرة,هوفين هوفيجنيول,طواف لومبارديا 1950,تاي يوان,قلة اليوزينيات,زولتان فابري,لوك روبرتس (ممثل),(27972) 1997 TA18,C18H29NO4,أرمان مالك,استسقاء الرئة في المرتفعات,ساندر بوشكر
zh,丁顺生,克尔伯,金鐘道政府合署,小行星1703,睫状体冷冻术,拉姆纳加尔,帕維爾·庫什尼爾,亚历山大·梅特金,李從宜,黃仁範,忘忧站,戈弗雷·内勒,烷烃列表,弋鶴,嘉德阿威亞,1971–72年歐洲盃賽冠軍盃,2019年西班牙羽毛球大師賽,小青天司徒公,希斯卡薩利亞拉山,小赤院水库,南羅德西亞,萊恩維爾 (愛荷華州),关卡编辑器,愛朵女孩,圆基木藜芦,呂讚,皮特·杰克,冉夢松,斯特羅納克 (密歇根州),帕纳佐勒,新大嶼山巴士11線,З,云南聚花草,奥特维莱尔 (下莱茵省),粗梗胡椒,發射窗口,1896年夏季奧林匹克運動會射擊比賽－男子30米手槍,哈哈哈哈哈第二季,乙酸碘(I),大馬士革 (喬治亞州),石湾镇 (博罗县),甘丹康萨,幻想供电,数字视频特技,希利亞德維爾 (佛羅里達州),隱棘鼠,王立军,南川对叶兰,阿爾斯通Citadis,胡之鋘,平谷祈祷所,龔懋,克林頓 (密歇根州),辑佚,白庚胜,广西槭,沉重蕈珊瑚,刘伯鸣,2017年努美阿羽毛球國際賽,诺里尔斯克铁路,安國 (單于),Cd (命令),朴乾旭,費勒山,豐桑克特峰,錢麗如,印第安纳州,娜綃蝶屬,千名老人下江南,科蒙都,偏角飞虱属,金正恩国防综合大学,中国海洋石油有限公司,六村堡街道,乌丹,中国金融学会,博奥隧道,胡璉 (天順進士),达内尔·霍尔,硫酸钡,委內瑞拉鋸脂鯉,大尹 (宋国),黄卫民、赖苍天烈士墓,安東尼奧·波契亞,官涌街,广佛放射线,李國修,垃圾話,别霍港,迪涅主教座堂,李松慶,爱尔兰在欧洲歌唱大赛之历年表现,周進三,修刚,迪欧斯捷尔VTK,尋找世界另一個我 台灣篇,穆斯萊克鎮區 (明尼蘇達州卡斯縣),文件管理器 (Windows),汉密尔顿山 (加利福尼亚州),張建國 (台灣政治人物)
ja,藤田房子,うんすんカルタ,2光子励起顕微鏡,転生,道祖王,和田尚久 (ライター),アブドゥルアズィーズ・イブン・サウード,サトキマダラヒカゲ,2022年世界水泳選手権パナマ選手団,クック島,道 カレラ・パンアメリカーナ,ポール・マッカートニー・ライブ・ハイライツ!!,阿久津陽一郎,ヤングスタジオ1431,ケープコブラ,右脳でブチ殺せ!,レイノルド・シルキー,ピアニスト,墨田ユキ,伏見屋村,近藤大生,総合セキュリティ対策会議,セバスティアン・ビエラ,気賀康夫,ゴードン・ウィリアム・プランゲ,豊川斎赫,中江直澄,Miwaのオールナイトニッポン,Ever (オフコースのアルバム),稲垣達郎,山崎世美子,井原鉄道IRT355形気動車,奈良県道237号生駒停車場宝山寺線,だ,セレニティ・フォージ,守田勘彌 (14代目),インダス (スループ),クリス・ノース,八股榎大明神,西郷頼母,狭間鎮秀,関向応,栄生村,ダイショー,シーネット (企業),北ゴロンタロ県,スティーヴン・ガンゼンハウザー,蓮浄坊,ピンチョス,成嶋弘毅,5 ワールドトレードセンター,高槻市立川西中学校,伊香保グリーン牧場,福岡法務局,李炳鉄,ワールドサッカー ウイニングイレブン 2014,三宮四郎,黄一權,ベン・ローウェン,2005年のオールスターゲーム (日本プロ野球),ペドロ・モスケラ,OpenCL,日野・K♯/T♯/H♯型トラック,斉藤尚武,泥だらけの純情,ホセ・アントニオ・アルダンサ・ガロ,IT批評,宇田川コーポレーション,愛知県道359号坂上田振線,製飴,マンチェスター・メトロリンク,HD 224693,炭鉱の記憶推進事業団,ブラックライトニング (The CWのテレビシリーズ),小二子古墳,トコベイ人形,タバコスズメガ,謝嘏,第二伊勢道路,氷上川継,アルバロ・アルベロア,デルマーバ半島,ハパク (小惑星),新田木崎町,三保敬太郎,S-1ウラン委員会,2019年世界陸上競技選手権大会キルギス選手団,芙蓉駅,シーズンシート,ドミトリ・マズノフ,高橋章,神明裁判,フランツ・フォン・グルイテュイゼン,ヒルクレスト・センター,高橋英二 (俳優),キャッシュパスポート (トラベレックスジャパン),貴州恒豊足球倶楽部,326年,ソ連操縦士＝宇宙飛行士,オグラ
ko,볼록한 고른 테셀레이션의 목록,모테기 도시미쓰,에이니오사우루스,태풍 하기비스 (2019년),명덕 (십국),탁지부,마이크로소프트 익스프레션 디코더,제주특별자치도지사 선거,긴노마코토무스비,정원 가꾸기,린퉁구,밀풍군,정충,찬란한 아침,아홉 위인,Imagine: John Lennon (사운드트랙),몽골 프리미어 리그,어니타 베이커,무차별 대입 공격,빵굼터,백남의,영암 조종수 가옥,익스토션,단자 (음식),애플 A5,나의 엔젤,연애의 정령,구토,정치락,노스럽 프라이,1900년 하계 올림픽 펜싱 남자 개인 사브르,리스베트 가이헤데,이상린 (1856년),시보레 1700,766,유선 (거향후),니쿠마로로,교묘한 밤 거북한 밤,제브라 (토리코),격음화,비둘기의 합창,퍼스트 러브 (1939년 영화),라스트 프로포즈,독가스,김용재 (희극인),망막색소상피세포,아르본역,2022년 피날리시마,술탄,황혼의 검객,경북도청시외버스정류장,대련의 해당화,1973년 올아프리카 게임,오켈보시,수전 트위스트,바나어파,NGC 4151,치경 전동음,최약 테이머는 폐지 줍는 여행을 시작했습니다.,카말 밀러,헤드퍼스트 슬라이딩,아영초등학교,대병소장,리하르트 알트만,카메룬군,체 게바라,아나타이로,존 포드,닐 브라운 주니어,고의,지식재산의 날,호리미야,데빌 메이 크라이,마블 유니버스,힐탑 파크,마이켈 아미르 무리요,두정엽,삼성 갤럭시 Z 시리즈,언론인의 특권,2024년 프랑스 오픈,슈베하트,문재인 정부의 국무위원,벨기에 철도 27호선,Rockin' the Joint,THE IDOLM@STER SP,TV리포트,칠레 U-17 축구 국가대표팀,카노 (가수),수구 양키스,세계가 품은 한국의 미,헤라르도 토라도,아오키 가즈시게,능력자들,흑해 독일인,일로나 슬루피아네크,그로아시스 워터박스,7.5 cm 40호 경포,채널A 토일 드라마,공법상 계약,버지니아주
ta,மாந்த் ஆறு,தமிழகத் துறைமுகங்கள்,ரிலையன்ஸ் இன்டஸ்ட்ரீஸ்,சீனாவில் பட்டுத் தொழில்,கடகதப்பை,நாபாவான்,நவாப் சிங் சவுகான்,பாக்கித்தான் நாட்டுப்பண்,அப்பாச்சி வேவ்,ரிச்சர்ட் ஜெபர்சன்,பிபி கானிம் பள்ளிவாசல்,மேல் ஒலக்கூர் ஊராட்சி,மருதூர்குறிச்சி ஊராட்சி,நான்குபுரொப்பைலமோனியம் பெர்ருத்தேனேட்டு,ஸேடி ஸ்மித்,காதலுக்கு சலாம்,சம்சுல் இஸ்லாம் (இதழ்),மோகல்வாடி ஊராட்சி,மாநில நெடுஞ்சாலை 10 (தமிழ்நாடு),கொட்டாரப்பட்டி,கீழ்செங்கபாடி,சிறீ கிருஷ்ணா மருத்துவக் கல்லூரி மருத்துவமனை,க. மு. இராசகோபால்,பிக்கோலினிக் அமிலம்,பெத்தானியாவின் இலாசர்,ஹனிமூன் (1974 திரைப்படம்),நிசிகாந்த் துபே,விண்வெளிக்கடலியல்,பிரையார்டைட்டு,சிந்தாமணி திரையரங்கம்,2014 பெசாவர் பள்ளிக்கூடத் தாக்குதல்,பெத்பகு,பிணச்சீரமைப்பு,சு. இராசரத்தினம்,மிளகு ஆராய்ச்சி நிலையம்,கே. ஸ்ரீநிவாசன்,பிரைசுவாட்டர்ஹவுசுகூப்பர்சு,அநிருத்தப் பிரம்மராயர்,இலை வண்ண அட்டை,மேக்னா வெங்கட்,வேலி தாண்டிய வெள்ளாடு,கோமாளூர் ஊராட்சி,திருநாளூர் விஸ்வநாதசுவாமி கோயில்,திருவெம்பாவை நோன்பு,டெட்ராபியூட்டைலமோனியம் குளோரைடு,அமெரிசியம்(II) அயோடைடு,வில்லங்காடு,இராசுமசு பலுடன்,பாப்பரம்பாக்கம் ஊராட்சி,ஒஸ்மா பெருங்கோவில்,அதிரடிப்படை (திரைப்படம்),ஜோதி மப்சேக்கர்,கே. சி. எஸ். அருணாசலம்,தம்பெலினா,அபுபக்கர் பசீர்,பாரதீய ஜவான் கிசான் கட்சி,குனோயிச்சி,ஆதினந்த்ரா கிரிப்தீ,மு. ராஜேந்திரன்,கரீம்கஞ்சு வடக்கு சட்டமன்றத் தொகுதி,"அழகர்கோவில், மதுரை",குறுக்கீட்டு விளைவு,நளின் ஹேவகே,சில்ஹெட் மாவட்டம்,எண்மிய ஆயிரவாண்டு பதிப்புரிமைச் சட்டம்,கவுண்டச்சிபுதூர்,லோகநார்காவு கோயில்,ஜோசப் முண்டச்சேரி,ரஙாபாரா சட்டமன்றத் தொகுதி,கண்டமத்தான் ஊராட்சி,கட்டகக்கவின் பொறியியல்,ஏர்பஸ்,ராம்கி (நடிகர்),குமுதினி தியாகி,ஏக்நாத் வசந்த் சிட்னிசு,செய்கிந்த் வரலாறு,திருகளப்பூர் பிடாரியார் கோயில்,இரகுமான் அப்பாசு,மீன் குழம்பும் மண் பானையும்,"தமிழ் வளர்ச்சிக்கான சிறந்த நூல்களுக்கான பரிசு பெற்ற நூல்கள், 1979",ரப்திசாகர் விரைவு இரயில்,ரோசா இன்புரா,இருமத்தூர் மாதவராயசுவாமி கோயில்,கணியம்பாடி ஊராட்சி ஒன்றியம்,"நாபா இல்லம், புது தில்லி",மோசே,நெல்வாய் பிடாரிபொன்னியம்மன் கோயில்,படன்காஸ்,வேளாண்மைக்கும் ஊர்ப்புற வளர்ச்சிக்குமான தேசிய வங்கி,திருவாளியன் சுறா,பெருநகர சென்னை மாநகராட்சியின் மண்டலங்கள்,புவிப்படவியல் வரலாறு,த வேர்ல்டு ஃபக்ட்புக்,விக்கிநூல்கள்,உலக இயற்கை வளம் பாதுகாப்பு நாள்,ஆர்மீனியக் குடியரசுத் தலைவர்,திருநகரி,கோத்தா மருடு,கருத்தியல் வளிமம்,அரோமாட்டிக் ஆல்ககால்
ar,أدريان لوبيز,إينوسنت الثالث,ميوكليندا,ستوبنفيل,تفاعل الثقافات,(37087) 2000 UN67,الفتح الإسلامي للأندلس,(33122) 1998 BR17,(38436) 1999 RS241,(38688) 2000 QS23,عثر,برايان أوستين,ميخائيل براون (سياسي),تمساسنوت (بني شكورة),الأربعون العجلونية,مضاد انحلال الفبرين,حضار (مذيخرة),العلاقات الدومينيكية الكورية الشمالية,الملوئة (السياني),باركر تي هارت,ويلس لاند,حصانة مشروطة,إدواردو بونتي,الجعيدة (القبيطة),هربرت سيسيل دونكان,الزيدار (مناخة),ريخا وحيد,جيم ماكفيرسن,ستيفاني أندرسن,ثورة الطهي,(79990) 1999 FP1,الهجر (بني العوام),قتاد درهمي,ارين بارنز,ميهايلا بوزارنيسكو,أرتور بي. أورتيز,جريملينز,ميروسلاف ايفانوف,ليلة الجنرالات,دوغلاس بويل,ستشوبشيم,ديف بيلي (عازف جاز),جون كانينغهام ماكلينن,بورجو بريولو (بافيا),فرسان غوثام,دوري أبطال أوروبا,متحف علي دينار,ويليام إدوارد موراي,IFNA6,جوفاني باتيستا مونتيجيا,إميدافيناسين,ناغاوكاكيو (كيوتو),حي الرفعة الجنوبية,ميك بيكرينغ,سوني رزدان,دائرة سوسة الانتخابية,مقاطعة ديورتيولينسكي,إريك ويل,أولاد آدم (مسلسل مصري),أكي هانسون,آرثر دالي,قلعة الزجاج (فيلم),عوز الفسفور في النبات,شعار رومانيا,المتحف الأثري بسلقطة,انبعاثات الغازات الدفيئة من الصين,جواو ماركيلهاس,غواصة أكولا,مالكولم تان,تمغر,يولاندا إبارولا,أولغا نابولي,توكاي محمدوف,مديرية مرخة العليا,ماتيو روبين,الحميراء (حبيل جبر),اليوم العالمي لذكرى الهولوكوست,مجمع القسطنطينية الرابع (الأرثوذكسية الشرقية),436,جبل القفزة,الزيتون في السعودية,IFNA10,اكمرات اراطة (الحاج الراحل),تخطيط زفن القلب,حكومة بشير العظمة,كيوكو اينو,عاصفة لانهائية,غزنرة رايتية,نادي بيراميدز موسم 2023–24,نونو موريس,(272282) 2005 SX,إيه إم سي ليالي القتال,توني راي,العلاقات الليبيرية المصرية,العلاقات السعودية السنغافورية,آشر فيش,كأس الدوري الألماني 1999,العلاقات التنزانية اللوكسمبورغية,كسر اللقيمة الإنسية للعضد,رويال رينولدز جونيور
zh,战地枪王,欧克桑,神仙沼,1896年夏季奧林匹克運動會德國代表團,克里斯蒂安·索魯姆,吳家驤,LG Optimus Pad,贝塞特,HD 58420,北京高校学生自治联合会,圣女日南斐法山,陕西信合,腓特烈·威廉三世,鄂木斯克州,陈次昌,玛查理镇,南嘉布都,富邦一號不動產投資信託基金,苏舜钦,花之诗女 GOTHICMADE,權藤博,雙樹紀,黄杨钿甜,穆克登額,托马斯·金凯德,石浦將勝,HD 47054,沙乡年鉴,汪瑔,椰絲球,松山烽火台,八百壯士衝突案,栗銘,乳头基荸,琴谱正律,垤玛乡,小行星列表/121701-121800,HD 185423,圣克拉拉 (纽约州),大沽乡,外屏六,名侦探21休,诺基亚网络,基拔·梅桑加捷克,伊波伊道马什德,萨钦,魏景湣王,盧克·加布特,克里斯蒂娜·沃克,莱永河畔尚,扎赉特部,澳門假日酒店,中部德語,索莱米尼斯,肯普里鄉,上海虹橋站,阿富汗-烏茲別克友誼橋,張淼怡,达拉县,1998年勁歌金曲第二季季選得獎名單,黄洞瑶族乡,骨架 (外壳),梅普爾頓 (緬因州普查規定居民點),麥迪遜 (新澤西州),第4屆金馬獎,安森美,发现溺水,中谷進之介,白云鄂博铁矿,法沃罗勒莱吕塞,私刑,小行星4007,旌善站,潞田镇,高木誠一郎,蔡氏卡頦銀漢魚,鲁昂主宫医院,聯合國安全理事會第56號決議,屏边兔儿风,第29步枪军,高釗中,李源长,赫苏斯·阿尔韦托·安古洛,英格蘭足總盃,静宁文庙,穀梁姓,九龍巴士14H線,马绍尔群岛国旗,硒化物,瓦利塞倫,帕维尔·德边科,馬燦,桃園市第四選舉區 (立法委員),单龙寺镇,曲率形式,第一次楊廷和內閣,黄家街道,中文一分鐘,三千院,第162哈普拉达师
ja,工藤洋史,ヴィットリオ・グイ,レベッカ (小惑星),フィフス・ウェイブ,人見淇堂,No way to say,林豊洲,石田亨,斎藤勁,イマトラ !! 〜Tigers NOW !!〜,芝園町 (川口市),くまがや農業協同組合,ベネラ7号,ピアノソナタ第18番 (ベートーヴェン),ナル・バハドゥール・バンダーリー,鳥取市立図書館,本屋敷錦吾,マルタ・ドルパ,水洗式便所,マリヤ・ヴコヴィッチ,イ・チャンソプ,ハイカグラテングタケ,アントニー・ロルフ・ジョンソン,リィンカーネーションの花弁,プファルツ＝ジンメルン家,ジェノヴァ,吉井耕平,尾張屋,ANSWER (Only this timeの曲),Oh!診,JR九州エージェンシー,インヴィンシブル (ミサイル追跡艦),西工区,リンゴット,アイ・アム・キューブリック!,小玉治行,幾島川,榎本屋吉兵衛,神有三木電気鉄道ワム621形貨車,モトリル,周公旦,筑波久子,伊藤庸介,小泉昇,平敷安常,慶誾尼,西郡友典,ジャン＝バティスト・デュ・アルド,水戸黄門 (第14-21部),ジョン・コルトレーン,稲村松雄,文明 (日本),SARSコロナウイルス2,独任制,エスカリン,藤異秀明,ピーター・アデルとゲイリー・ゲルド,ニコス・ハツィブレタス,芦川百々子,文英清韓,Crewsing,商船テナシチー,アブドッサラーム・アーリフ,マルコ・ロッシ (1987年生のサッカー選手),堕天使殺人事件,国際連合世界食糧計画,マイネルスケルツィ,ウェリントン公爵,エッフェル65,川越病院,ノルディックスキー世界選手権,経過措置,藤原基貞,ヨギ & ブーブー わんぱく大作戦,ユニバーサルWindowsプラットフォーム,CONGA!!,輸送コンテナ,吉田憲治,第3の性別,ローダ (小惑星),田井千里,MÄRの登場人物,オドボ・エンデュランス,横浜熱供給,マウジョシュア,ダンサ・デ・ロス・ボラドーレス,007/ダイヤモンドは永遠に (映画),世界選手権自転車競技大会トラックレース2004,忠隈駅,流通神様,ドラァグクイーン,ジョゼフ・ドゥニケール,高橋円三郎,陽なたの干しぶどう,小川城 (駿河国),バーミングハム美術館,堀川町 (金沢市),長島朗,高津ジャンクション,ぐるっと食の旅 キッチンがゆく
ko,인천 계산동 은행나무,클레망스 포에지,히가시촌 (후쿠시마현),휴먼다큐 - 한 번 더 해피엔딩,뿌잉뿌잉,1960년 AFC 아시안컵 예선,오민석,조성제,1968년 프랑스 총선,김제역,우니베르시타트역,고호쿠역 (아이치현),진녹,순창 만일사비,터폴처,미나모토촌 (지바현),벌룬 사가역,최윤철,삼대 괴수 지구 최대의 결전,우와지마역,천문항법,이채연 (가수),시모시베쓰역,다이라정 (후쿠시마현),한국 광복군,이스타지우 두 마라카낭,로렌 알폰소,권순일 (가수),송나영,오소경 (올야),스쯔향,고쿄 히가시 교엔,영 디바스,연탁,베니션 라스베이거스,스타일 큐브,산지생쥐속,나보름,몬스터 호텔 (시리즈),성복 전투,방산면,도고정 (돗토리현),루파라 (몰리세주),에비노이노역,블랙 윈드밀,제1회 한국대중음악상,알베르츠 크비에시스,교황 호노리오 3세,히토쓰야나기 나오이에,대서양은행,K3G,진범 (영화),유니메이트,Finding Forever,캠던군 (조지아주),경기도여성비전센터,해군정보국,순천 평중리 이팝나무,서울 성동구의 국회의원,알프스 전기 주식회사,비준,셀주크 제국,타랄 힉스,도나투스 폰 헤센,종과,KLJ-5,아구스타웨스틀랜드 AW609,북동부 지방 (북마케도니아),알로이스 브루너,숭신여자중학교,를루슈 랑페루주,소 요시카쓰 (이사부로),트래킹 샷,은사기념과학관,체사레비치,김태우 (레슬링 선수),카탈루냐 국경일,필립 음팡고,대한민국 민법 제619조,루비포지,합천 나들목,리비아탄 멜빌레이,김상익 (1943년),김지민 (배우),와키모토역,김전 선생 묘 및 신도비,국제변호사,윤봉길로,타이항공 601편 추락 사고,사티리콘,1928년 동계 올림픽 유고슬라비아 선수단,최덕주,산포,비화원로,김익현 (1922년),신림황둔로,에런 브룩스 (레슬링 선수),황상 (고려),Ѕ,이광렬
ta,கருவாவல்,பாபுராவ் கதம்,காரிமங்கலம் எல்லையம்மன் கோயில்,அக்குளம் சுற்றுலா கிராமம்,குப்பை,மீரா (கவிஞர்),தள்ளிப் போகாதே (திரைப்படம்),பிசியில் தேசிய மொழிக்கான விவாதம்,ஞாழல்,குர்தி விக்கிப்பீடியா,பசந்தி,கே. கே. சிவசாமி,"மெழுகு உலகம் - மெழுகு அருங்காட்சியகமும் ஓவியக்கூடமும், ஊட்டி",அசாம் மாகாணம்,சர்வதேச தமிழ் குறுந்திரைப்பட விழா (கனடா),காசோவரி,முனைவர் சி. வி. ராமன் பல்கலைக்கழகம்,கெட் மொழி,அஜித் குமார,மாவன்,இண்டியம்(II) குளோரைடு,சிட்டகாங் மருத்துவப் பல்கலைக்கழகம்,டிசைன் வில்லேஜ்,ரோசி தாமஸ்,ரெசிடென்ட் ஈவில்,கால்சியம் தைட்டனட்டு,மன்னார்குடி,சபீதோம் சட்டமன்றத் தொகுதி,மொசதக் உசைன் சைகத்,பாண்டியர் கொடி,"கிறித்துவின் திருஉடல், திருஇரத்தம் விழா",தொழுகை (இசுலாம்),ஐயர் பங்களா,ஹீண்டாய் மோட்டார் குழுமம்,பிராங்க் யார்விசு,மஞ்சு ரே,மீன்களில் பாதரசம்,யாழ்ப்பாணத்தில் ஒல்லாந்தர் ஆட்சி,ரிலா ஹோட்டா,அத்திமுகம் ஐராவத ஈசுவரர் கோயில்,நைகீன் ஏரி,படுதே பள்ளி அட்டூர் திம்மராயசாமி கோயில்,ஒலிவர் ஹைஷே,மாரிதாஸ் மலைச்சாமி,சேவை பெறும் உரிமை சட்டம்,அல்பெர்ட் லேன்,செரியான்,குவி மொழி,மு. யூசுப்,டியக் சட்டமன்றத் தொகுதி,புபொப 47,பென்சைலமின்,முகம்மது தல்ஹா,அண்ணாமலை ரெட்டியார்,செந்தர இரும்புப் பாதை,ஆசாத் சமாஜ் கட்சி,கம்போடியப் புத்தாண்டு,ஆகத்து 17,வி. சுக்ஞான குமாரி தியோ,1960,குன்னத்தூர் பத்ரகாளியம்மன் கோயில்,ஊட்டச்சத்து மருந்து,அவர் எனக்கே சொந்தம்,பொனகா கனகம்மா,ஐபாட் 4,அ. சுப்ரமணியம்,டி. வீரபாண்டியபுரம் ஊராட்சி,பிரேமலால் ஜயசேகர,சாரா டீஸ்டேல்,"பள்ளிப்பட்டு ஊராட்சி, கடலூர்",எரத்ன,சானூர் சனா,"அம்மாபட்டி ஊராட்சி, கரூர்",மிகுவித்த மெய்ந்நிலை,வேளாம்பூர் ஊராட்சி,காமிண்டன் (புலவர்),சீராண்டபுரம்,பழையகூடலூர் ஊராட்சி,சஞ்சய் யாதவ் (நீதிபதி),காத்யாயனி,வேகவாகினி,தொங்கவிடப்பட்ட காப்பி,கூகுள் தேஸ்,கிள்ளுக்குடி அகஸ்தீஸ்வரர் கோயில்,வாப்பி,டீடெரிக் வொன் டொம்பர்க்,பொன்னூர் மலை,இயக்க விதிகள்,பல்கணம்,அமீதா பானு (மல்யுத்த வீராங்கனை),"அழகப்பா பல்கலைக்கழக மாலைக் கல்லூரி, இராமேசுவரம்",குப்பநத்தம் பெருமாள் கோயில்,"திருவையாறு, கிளிநொச்சி",மேவளூர்குப்பம் ஊராட்சி,நீல் பர்ன்ஸ்,சாதியா பாம்பு தூண்,மகப்பேறு மருத்துவமனை,த. மேலக்காடு ஊராட்சி,சார்லீசு தெரன்,ஆர். முத்தமிழ்செல்வம்
ar,تراسل البيانات,أمن لوس ألاموس الوطني,كارل ألبرت ويبر,دانيال باركر (سياسي),(28905) 2000 MQ,أرتور بينغا,إيفان كاندلا,كاردانو,سينثيا بولينغو,أتلتيكو مدريد موسم 2014–15,تصميم متجدد,مناخ إداري مثالي,اسكندرونة (صور),أكبر أباد (سفلى أردستان),بياجيو ايروسبيس,كفر هلال (بركة السبع),مطار زاباروجيا الدولي,فو ون جيون,محمد العيد آل خليفة,تل بشت بشتة,هيرب كوفنغتون,برينت أندرسون (مغني),السندباد البحري,اساكا نباحا (الزات),العكيرشي (الرقة),العلاقات الصربية اللاوسية,كاميلو بونيلا,أبجدية مناهج تقييم الكلام الصوتية الموسعة,ستير الرياضية بجرزونة,يوري لوتشكو,إبراهيم سانداي,يوهانس فان دايك,الدوري الإسباني الدرجة الثانية 1929–30,بوبي كلارك (ممثل),باربارا بوديكون,دينيز فورال,حاجز (علم أحياء),فلاج توازا (لمخيس),شاكاري ريتشاردسون,جيسيكا ماتيوس غاليانو,عولاوا (مهاباد),غضراء,بادرو,اتفاقيات إيفيان,1488,بولي أوكسي الميثيلين,بيت عبيد (جفال),اضرماش (آيت عبد السلام),مارسين نواك (لاعب كرة طائرة),صور (ماردين),واماك,سارة جيسيكا باركر,بيتر فورمان,كلوديا بيريرا,آية الرجم,هاري نوكانن,(35284) 1996 TM3,مقياس سان مارينو,الكويكب 166123,العلاقات الإريترية البليزية,أيزو 3166-2:DZ,يوجينيو موريل,العلاقات البحرينية الليتوانية,إسلام أحمد,ميركو أنتونوتشي,المواد البلاستيكية الدقيقة وصحة الإنسان,كولن بروس,لي مجدوب,إعادة استخدام القنينات,CNPY2,توني نولز (لاعب سنوكر),(29861) 1999 FV36,السعودية في كأس القارات 1997,ريتشارد راش,كيريتيماتي,رعب هزلي,بنيامينو دي جياكومو,NGC 1324,سكودا كودياك,أندرسون دوس سانتوس (لاعب كرة قدم),أحمد تراوري,العلاقات السنغالية الكرواتية,روبرت دبليو. مادن,البراء بن مالك,محمود ياسين (كاتب وروائي),علي الساعدي الفاخري,ميلوتان سريديوفيتش,محمد بن مبارك الزعري,لوراي,لويس إتش باور,أنتونيو زيتو,خط الثلث الجلي,تسامرت (تسامرت),الكويكب 51351,هاربر ريد,خوسيه دي لا مار,كيفن ميرفي (كاتب),محمد الجالوس,ويلسون دبليو. هوفر,خوسيه لويس أستيازاران
zh,加里·维纳查克,諸葛倬,金滩乡,镜浦台站,沃爾迪冰原島峰,佩列亚斯拉夫,洛城大劫案,铁南街道 (朝阳市),周重,戶塚純貴,地榆,橙腹梅花雀,國際水中運動聯合會,寿全斋,李景膺,志撫子臨時乘降場,冷杉寄生,小数,成安玉,布利日涅奥西诺夫斯基农村居民点,上福尔米切,热努亚克,李飛飛,新华网,登丹人,九三学社宁夏回族自治区委员会,劉易斯鎊,布羅德諾公墓,平德里希,高麗町,小行星2400,中国—土耳其关系,台灣文學獎,郑集乡 (周口市),顾懋祥,海軍大臣 (日本),HD 120457,田纯刚,莫爾比耶乾酪,波兰花园,紙飛機 (可苦可樂單曲),豚足袋狸属,世界盃籃球賽,端足類,费代里科·切萨拉诺,丁香紫,巴里森半島,比希永,微晶,Eden*,谷硐乡,塞尔焦·西奥派斯,赖斯-埃克尔斯体育场,張與材,方澜意,基涅提峰,我的奋斗,新疆索伦人,黄德勋,勁爆女子監獄,北布里奇頓 (緬因州),雙荊鄉,Inner Voice,侯克明,丹佛 (肯塔基州),舞力全开系列,维夫朗拉维尔,1952年冬季奥林匹克运动会阿根廷代表团,盧普沙鄉,南阿雷納爾,香港康得思酒店,带纹玉蟹,天橋驕子第十二季,郭原平,秃发氏,Pfam,平资盛,沒有人知道的大冒險,副魮,雷维利亚德尔坎波,小行星24985,F-VE DOLLS,周朗 (明朝),腸腸搞轟趴,游擊隊村區,蕾貝卡·蕭伊凱特,叮当流行,艾拉澤鰍,华纳 (南达科他州),卡布韋湖,毗奢耶那伽罗王朝,張𩓣,牙菌斑,爱丝梅拉达,隔壁親家 (音樂劇),巯异嘌呤,戈勒耶什蒂鄉,石南郡,陳逸堅,傣蚌
ja,日本のラジオパーソナリティ一覧,ワールドトリガー,ヤマハ・RD90,山田風太郎 からくり事件帖-警視庁草紙より-,ジョー・M・ニシモト,シオン教会 (ドレスデン),メガネクロハギ,高橋義治,ヒュペリーオーン,トルコ海峡危機,ルイージ・カニョーラ,咲き誇れ愛しさよ,アンリ・ピトー,片山信夫,ウェス・モンゴメリー,アース・スターノベル大賞,東広島市,インデペンデンスデイ (お笑いコンビ),FC Kawasaki,池田道孝,文武駅,日本フットボールリーグ,15インチ軌間,穴吹育大,アメリカ合衆国広報文化交流局,ホヴェヴェイ・ツィヨン,承水溝 (春日部市),カムニャーノ,長崎県議会,日本女子オープンゴルフ選手権競技,死刑執行人助手,.fo,IWGPヘビー級王座,外務部 (大韓民国),ギリシャ王国,チボデー・クロケット,伴天連XX,拝領妻始末,ルドルフ・シュワルツ,ベント・ホルムストローム,肥田景之,陸軍少年通信兵学校,浜田連隊区,へびつかい座70番星,うーさーのその日暮らし,紀元前92年,木内征司,千林,日本グランプリ (4輪),楊思区,内藤貫俊,ミシガンシティ (インディアナ州),満天の星 (テレビドラマ),タマネギ,周イ生,1999年のCARTシーズン,相浦多三郎,天の赤道,イブン・ナディーム,ロベール・ブレッソン,ISO 3166-2:SC,松原水泳場,1964年東京オリンピック,復活 (ザ・テンプターズの曲),須崎公園,日本総合住生活,ダヴィド・イーゴレヴィチ,アイウトン・フェレイラ・シウヴァ,北海道道634号城丘江差線,サンクタカリス,守谷日和,プロペラヘッズ,三好市立三野中学校,リプキ,パラッ娘,クロイドンの猫殺し事件,青柳裕介,鄧飛,高知中央郵便局,尼寺廃寺跡,スティグ・ヴェステルベリ,サンティアゴ島,ゼノン・ヤスクワ,第二次世界大戦,海岸射撃板,ユグ語,M-Style Ribbon Class,2018 FIFAワールドカップ・アフリカ2次予選,プロファイル (標準化),プロアクティブ・ソリューション,松木正利,大和警察署 (宮城県),NASAの会,イバラモ属,トーマス・デッケル,みずほリース,ジェイムズ・キャンベル (郵政長官),坂上大国,琴白山俊也,栄姫
ko,랑푸르주,김채곤,동진전략,윤두서 자화상,콘셉시온 전투,플로리앙 토뱅,젠 와스너,한국바둑고등학교,ROH 베스트 인 더 월드,노화교통,알레나,패트릭 유잉,인천광역시 농업기술센터,Kiss (키스의 음반),신국대장공주,나흐트크라프,농부와 독사,정익원,이종범 아저씨께,삼종신기,프레시 프리큐어!,더 클랜시 브라더스,OGLE-TR-56b,삼천리문학,이강석 (군인),유진 로버트 글레이저,박문수어사 외 고문서,트로이 데이비스,바르셀로나 독일관,열대병,F. R. 데이비드,맨섬의 인구,임숙영,Youthquake,MBC 뉴스 (500),요도촌 (교토부),루도비코 아리오스토,박세원 (성악가),에페소스,레전드 (드라마),유겸,코모로 프리미어리그,CMYK,타이 유우키,손대면 핫플! 동네멋집,스테이지 다이빙,아미르 알리 아자르피라,드라이빙 미스 데이지,Salyu,안남면,상태 함수,고대 그리스의 과학,파르바우티,파워업 (비디오 게임 용어),"신참 아재 모험가, 최강 파티에서 죽을 정도로 단련해서 무적이 된다",구지도,루수밍,바니걸스,지와타촌,포카란 2차 핵 실험,홍산중학교,대한민국 상법 제13조,엘지로 (파주시),스베르케르 2세,구스타부 엔히키 다 시우바 소우자,판교중학교 (경기),히라이시 요스케,솔튼페이퍼,스타트렉 다크니스,케이블 백드 보우,버스전용차로,아인데플라,마르코 로시 (1978년),제4회 전국동시지방선거 대전 동구의회,노보 노디스크,비몽 (전한),락앤락,고창 선운사 대웅보전 신중도,박병식,A's Doll House,삼성 갤럭시 A33 5G,중국청년구국단,Prologue (르네상스의 음반),과일 커드,이열리,스턱 인 러브,안산시,토크 토크,대한민국 제헌 국회,겨울새 (1992년 드라마),과천여자고등학교,Let It Rain (넬의 음반),순창장류축제,코닌군,객관적 붕괴 이론,전희,조앤 우드워드,공연음란죄,한국델몬트후레쉬프로듀스,금오산 (전남)
ta,அன்னாஜி தத்தோ சச்சிவ்,டி. டேவிஸ் (ஹாம்செயர் துடுப்பாட்டக்காரர்),ஹபிள் விதி,நெப்டியூன்,கலாநிதி மாறன்,சந்தை பேட்டை செல்லாண்டியம்மன் கோயில்,"தமிழ்த் திரைப்படங்களின் பட்டியல், 1959",ஜலந்தர் தேவி தாலாப் கோயில்,அகஸ்தீஸ்வரம் ஊராட்சி ஒன்றியம்,கால்சியம் மோனோசிலிசைடு,வடக்கு ஐரோப்பா,கீழப்புலியூர் தம்புராட்டியம்மன் கோயில்,அந்தொனி போரிங்டன்,கருஞ்சிவப்பு தினமு,சொன்னா புரியாது,"கும்பகோணம் மண்டலம், அ.போ.க., கும்ப லிட்",வம்சி பைடிபைலி,மாங்கல்ய தோஷம் (சோதிடம்),சமச்சீர் குலம்,மேல்பத்து ஊராட்சி,பாண்டியன் பல்யாகசாலை முதுகுடுமிப் பெருவழுதி,நவநாரி பொன்னாச்சியம்மன் கோயில்,எலைஜா மெக்காய்,2022 அசாம் வெள்ளம்,சுண்ணாம்புக்காட்டுவலசு குகைநாதசுவாமி கோயில்,மாதவரம் நெடுஞ்சாலை,தமிழ்நாட்டின் வானூர்தி நிலையங்கள் வரைபடம்,எலிசபெத் அலெக்சாந்தர்,டி. வி. சாம்பசிவம் பிள்ளை,திருவட்டதுறை ஊராட்சி,காசி அஸ்ரப்,உச்சி வெயில்,எரிவளி,மல்லப்புரம்,மணிமங்கலம் இராச கோபாலசாமி கோயில்,சிரில் வாஷ்புரூக்,இரகுநாத் ஷா,"தேசிய செர்ரி மலர்ச்சி திருவிழா, வாசிங்டன், டி சி",மொலகால்மூரு சட்டமன்றத் தொகுதி,புனே பெருநகரப் பகுதி,ஜெய்சல்மேர் மாவட்டம்,துட்டன்காமன்,நிறவெப்பநிலை,கோலாலம்பூர் சென்ட்ரல்,சண்டக்கோழி (தொலைக்காட்சி தொடர்),பாண்டியாட்டம்,பிரளயம் (ஏவுகணை),கரியம்பதி மாரியம்மன் கோயில்,சென்னை ஆ. கண்ணன்,சங்கமம் அறக்கட்டளை,திரள் மேகம்,நெல்லூர்,ரங் ரசியா (தொலைக்காட்சி தொடர்),ராமகவுண்டன்பட்டி சடையப் பெருமாள் கோயில்,மலேசிய தேசிய பாதுகாப்பு மன்றம்,மும்தாஜ் ஷேக்,ஆர்னால்ட் பால்மர்,போதிசத்துவர்,தி. சா. ராஜு,பெரிய குடும்பம்,பீகார் வேளாண்மைப் பல்கலைக்கழகம்,இந்திய அரிசி மீன்,அன்புள்ள அப்பா,மெகாபிசஸ்,சாஸ்தா நகர் ஐயப்பன் கோயில்,வெலம்பொடை,கணினி வரைகலைஞர்,குரும்பலுர் தீப்பாய்ச்சியம்மன் கோயில்,கூட்டு விளைபொருள்,மால்கம் வாலர்,ஆமிர் கான்,சொக்ட்டோ,ரே லிண்ட்வால்,மீன்கொத்திகள்,டி. முருகேசன் (நீதியரசர்),காடப்பநல்லூர் நாச்சிமார் கோயில்,செலாம்பாளையம் சின்ன செல்லாண்டியம்மன் கோயில்,லெமன் ட்ரீ ஹோட்டல்கள்,இனகரப்பிரியா,அக்கமாபாளையம்,நொச்சியூர் ஊராட்சி,மாநில நெடுஞ்சாலை 105 (தமிழ்நாடு),எய்கஞ்சி அணை,முகுரா,ரணஜித் குஹா,சு. நடேசபிள்ளை,மாநில நெடுஞ்சாலை 93 (தமிழ்நாடு),அரும்பட்டு ஊராட்சி,மேற்கு வங்காளத்தின் மிக நீளமான பாலங்களின் பட்டியல்,தீபல்பூர்,எழினி,சிகார்,ரஜினி தேவி,ஆன்ஸ் ராஜ் மகிளா மகா வித்யாலயா,காந்த அதிர்வு அலை வரைவு,திங்கிங் பாஸ்ட் அன்ட் சுலோவ் (நூல்),மீண்டும் ஒரு காதல் கதை (1985 திரைப்படம்),கார்பாக்சிமைடேட்டு,நாதநாராயணி,குலசேகர பாண்டியன் (புராணம்)
ar,غوفرنير موريس جونيور,بوبي كينغزبيري,باغلوجة (تشاراويماق),تمبل بارك (باركشير),فيرتوس بالاكانسترو بولونيا,اهل الما (بني ادريس),جمال تاتوم,روبرت دواين غرووس,تيشومينغو (مسيسيبي),شواء,ناثان بيفي,كاليب شابمان,بيتر بولنغا,جوائز الفيفا للأفضل كرويا 2021,يارون أوز,رايموند ستوري,(37587) 1991 CK3,قزل حصار (نظر أباد),دويرة اللثيب (الحمراء),سامي كليب,ماريان شيربان,روبرت هنري غولدزبوروغ,لوطس عربي,هيو سونغ,أوزورجيتي,1991 في النرويج,أبو أيوب المورياني,(74048) 1998 HP121,مارثا دياز,الكتاب الأزرق للطائرة,الاستفتاء الدستوري التركي 2017,جياكومو جويس,قشلاق بادارجمال (مقاطعة بيله سوار),إدارة دورة حياة المنتج (صناعة),1957 في كندا,نتائج منتخب فرنسا لكرة القدم (1980–99),جوشوا بيترز,رينبو ستوديوز,هربرت هوبنر,نقار الخشب أحمر البطن,جشمة بهن (شمس أباد),معين (قرية),منصور زايد,عزلة الشعبانيه السفلى (تعز),ميكيل براديرا,كأس السويد 1942,روبرت باول (ملحن),مضارع مستمر,قلعه رمن (مقاطعة غيلانغرب),(30957) 1994 SQ7,تايلور كيمب,ويليام تي ديلارد,الكدس (صنعاء القديمة),طواف كولومبيا 2007,لوتروبيات,رامون بينيتيز,الجمعية الأمريكية لبيولوجيا الخلية,الحركة الخلاقة,كلارك إيرفن,محمد نوح القضاة,نورالدين سام,منتخب المجر لاتحاد الرغبي للسيدات,فينبلاستين,مسابقة يوروفيجن للأغاني 2015,ريكس هدسون,آن من غايرشتاين,مانويل كالديرون,فلورنسا برودهيرست,تيك بيش (نرغسان),ألبولاريو,كين دافنبورت,آنا كاراسكو,هنري فنسنت هابارد,سال بيرنال,لمرمضة الزاوية (تلامنزو),العلاقات الأوغندية الجامايكية,إي من يول,جريمة في الحي الهادئ (فيلم),حسين الحداد (ممثل),إيمانويل ريفا,آرثر غولدبرغ,جون كينت هاريسون,الثورة الأوكرانية 1989-1991,بخار,عبد العزيز بن حبتور,كيمبرلي فيليبس,حزب العمل الشعبي (تركيا),باتريك فيوري,جيمي سالونين,هنري جاكسون هنت,بنهل (كورنوال),تصفيات كأس الأمم الإفريقية تحت 17 سنة 2017,أحمد راضي,بزل الطبلة,1050 هـ,العلاقات الإندونيسية الغامبية,إيغور بروستران,مدرسة الكويت الوطنية الإنجليزية,توماس جي. بي. روبنسون,لين كولينز (موسيقية)
zh,吉安圳,小行星1357,赛迪斯·杨,全俄铁道运输科学研究院,香港城市室樂團,超级英雄,第二本书,列日共和国,邓向阳,南蘭丁 (加利福尼亞州),斑馬矛麗魚,甄啟榮,门科尼科,WC-135核侦察机,吳禋,米约尔比市镇,戈塔塞卡,宁华路街道,馬里蘭海茨鎮區 (密蘇里州聖路易斯縣),有田町,五路通街,锑化铋,叔丁基溴,國立中央大學天文研究所,葉利佐沃區,小行星6681,458年,阿葰·蘭帕爾,詹姆斯·莫里亚蒂 (自行车运动员),王乐井乡,北门教堂 (河内市),戈亞斯州市鎮列表,廖恩焘,科學模型,厄爾 (密蘇里州),別洛亞爾斯基 (漢特-曼西自治區),帕拉瓦王朝,阿尔潘塞克,蓬塔穆松县,邻苯二甲酸二甲酯,埃爾姆里弗鎮區 (密歇根州),奥林匹亚,Copperplate Gothic,皇家港,斯米多维奇,长蕊斑种草,2001年匈牙利大獎賽,正片,深云车辆段,敏都乡,山西省人民政府,新北市區公車939路線,特別任務單位,普利添美索亞拿體育會,徐性初,桐本拓哉,山根綺,大象公会,後馬達奇峰,穿越阿尔卑斯号列车,原𧎥属,格雷厄姆·古尔德曼,格里戈洛維奇海軍上將號護衛艦,Catch!世界的头条新闻,2013年世界田径锦标赛哥伦比亚代表团,小行星1370,巴哈馬駐外機構列表,檜陽站,杨克成,希格尔曲,石應嵩,下陶恩,十勝三股站,吕家坪遗址,埃默森·斯潘塞,南汉,沃爾夫斯巴赫河 (卡爾河支流),哈里森縣 (肯塔基州),地底侏儒,印第安纳波利斯大学,游戏,韋萊比特山脈,九龍巴士6號線,石乃文,亞他那修信經,季莫费·斯特罗卡奇,尼古拉斯·冯·法尔肯霍斯特,费利克斯·乌弗埃-博瓦尼,利伯蒂 (得克萨斯州),2014年台北週末電影票房冠軍列表,小鸡快跑,阿斯基亚·布克,天然气田,二十里店站,盐官站,太平洋中心,黃頴灝,波紋鏢鱸,薩迎阿,视觉皮层
ja,中学校,さんまのまんま,本庄為明,別府外国人観光客案内所,インディペンデント・サブウェイ・システム,フアナ・デ・ポルトゥガル,フェリックス・ジアン,ケン・グリフィー・ジュニア,一之瀬脳神経外科病院,元廣,ルイス・マンドーキ,エドゥアルド・デ・フィリッポ,堺市出身の人物一覧,連邦巡回区控訴裁判所,カンティエーリ・リウニーティ・デッラドリアーティコ,天理高等学校,捕盗庁,不滅のカントリーウェスタン,サントリー,コンゴ人,吹田警察署千里山交番警察官襲撃事件,エリトリトール,ザック・テスト,Eggs,明石レッドソルジャーズ,スーパーラグビー,スペランツァ大阪,南米出血熱,ミッシングリンク,幡谷正雄,廿日市市サッカー場,藤岡大樹,ポンジ・スキーム,ヨーン・フェーンストレム,"Glee: The Music, Season 4, Volume 1",TA☆RO,ドナルドソンビル,グレゴリウス3世 (ローマ教皇),2000年のNBAドラフト,高柳明音,コーカン,キングジョージ郡 (バージニア州),シャーフー (コールハープル藩王),ウォーター・ベイビーズ (アルバム),インテル,加速器駆動未臨界炉,北海道道666号徹別原野釧路線,福田舞 (1992年生の歌手),吹田市立豊津西中学校,蒸気機関車,NHK杯全国高校放送コンテスト,カステッロ・ダゴーニャ,シルフェステル・ファン・デル・ワーテル,神尾美智子,リセ (カードゲーム),上石津町立日彰中学校,三重県道540号相賀停車場線,川西機械製作所,クィーンズ 長安、後宮の乱,佐倉草ぶえの丘,あなた (小坂明子の曲),アポトーシス (Official髭男dismの曲),トヨタ・HZエンジン,ギルトフリー,名誉員,北区立桐ケ丘中学校,朝日訴訟,地獄の門 (トルクメニスタン),ADATA,北川和典,セルゲイ・ショイグ,みなべ町,克東県,シボレー・コルベット,中村和彦 (外交官),ホルベックB&I,旧杉山家住宅,メッツァーゴ,三反園訓,チャールズ・イングラム (第9代アーヴィン子爵),アンニーバレ・カラッチ,コパ・リベルタドーレス,仲南町,胴体 (航空),ピエール・コフィン,本藤恒松,フレーム (自転車),水原親清,北海道道136号夕張新得線,内引き,白井久男,レオン・ユリス,松井一義,ハワイ州副知事,ホタルアルゴリズム,笛吹警察署,クロアチア関係記事の一覧,フォンタネッラ,ヤンキー塾へ行く,宮林謙吉
ko,요리 중독,중앙우체국 (더블린),딩기소,장곡초등학교 (충남),병참,시스템 버스,성산로 (고령 성주),컴피즈,마이티엔번,타티야나 코스트로미나,신임사화,최정화 (1979년),권오성 (축구 선수),진 넬슨,화성군 갑,진 효문왕,마르수피오모나스 펠리쿨라타,301년 이전의 전투 목록,보광초등학교 화곡분교,저정보 유권자,에른스트 폰 작센 선제후,All Ages,글라드삭세시,유엔 총회,하르나즈 산두,라파우 블레하치,사화,사디오 마네,메릴린치,거창군의 국회의원,보딩 스쿨: 기숙학교,衣,긴메이 천황,우에무라 치카,그레나다의 재외공관 목록,엘리자베스 시달,리비전 태그,도시,골! 3,마르코 오더마트,함마뢰시,부세나즈 쉬르메넬리,스케이트,전곡초등학교,트릭시 마텔,후쿠하마촌,모로타이섬 전투,라리가 1934-35,취약점 스캐너,유럽 고속도로 97호선,빅스버그 전투,젠워크 리눅스,마이클 더글러스,현대 판타지,짐말 도서관 프로젝트,프란시스코 사바테 요파르트,어이,정오의 희망곡,이영진 (1972년),지상작전사령부,검은머리황새,멍게속,예충,비탈리 푸시니츠키,바가텔,야노 마사토,1904년 하계 올림픽 양궁 남자 더블 요크 라운드,한지원 (1992년),해돋이도서관,주름버섯과,아베 요시시게,태안 안양사,멜 블랭크,김의,Meliora,문지환 (축구 선수),아크링크,정지명령,대한민국 헌법 제4조,빅터 디자우,생물 다양성,센털콜로부스,내 아내의 모든 것,임창모,에코상,협상의 기술,내가 성에 관해 알고 있는 몇가지 이야기들,폴롭풀밭쥐,선단초등학교,2020년 하계 올림픽 영국령 버진아일랜드 선수단,라싱 베이루트,밴스 로,로카르노 영화제,우리 본성의 선한 천사,규 (용기),출생의 비밀,김한봉,압류,뤼티 수도원,FC 아브디시아타 칸트
ta,மால்கம் ஜார்டைன்,செட்டு-உரைத்தொகுப்பி,சுமிதா இராஜன்,சதௌரா போர்,டெர்க் நொவிட்ச்கி,கூகுள் செவ்வாய்,மருதூர் ஊராட்சி (திருச்சிராப்பள்ளி),வாழைச் சீவல்,2017–18 ஆஷஸ் தொடர்,ஆட்டுக்குளம் ஊராட்சி,இயன் செலிஸ்பரி,மரக்கட்டைக் குடில்,திருவிதாங்கூர் சகோதரிகள்,பொகோர் விலங்கியல் அருங்காட்சியகம்,கிறிஸ் பென்வா,"பெரியபுலியூர் ஊராட்சி, திருவள்ளூர்",சிஜோய் வர்கீஸ்,பார்வையற்றோருக்கான வழிகாட்டி நாய்கள் சங்கம்,தர்மம் எங்கே,மந்திர குவளை,போகேஸ்வரி ஃபுக்கானனி,டி இ எஸ் இராகவன்,தெற்கின் விண்மீன்,வாங்குவோர் கழிவிரக்கம்,ஏர்டெல் சூப்பர் சிங்கர்,"தேசிய பயறுவகை ஆராய்ச்சி மையம், வம்பன்",பிளியோசிமேட்டா,வாணாதிராஜபுரம் ஊராட்சி,செம்மேடு அய்யனார் அமச்சார் கோயில்,விஜயபால் சிங்,வால்ட் டிஸ்னி ஸ்டுடியோஸ் மோஷன் பிக்சர்ஸ்,சாத்தனூர் மாரியம்மன் கோயில்,சூரக்கோட்டை பரமநாத அய்யனார் கோயில்,ச. சண்முகநாதன் (இலங்கை அரசியல்வாதி),சிர்க்கோனியம்(IV) ஐதராக்சைடு,சிறுகிராமம் சீனுவாசப்பெருமாள் கோயில்,பிஜி பெட்ரெல்,"மனு ஆறு, திரிபுரா",தண்டுக்காரன்பாளையம் ஊராட்சி,உம்பெர்த்தோ எக்கோ,திருப்பத்தூர் (திருப்பத்தூர் மாவட்டம்),ரெட்டிமாங்குடி ஊராட்சி,திருநெல்வேலி நகர் வாகையடி முப்பிடாதியம்மன் கோயில்,அமித் மகதோ,கருகம்பாளையம் பெருமாள் கோயில்,திவான் தேவ்டி,ஓலைப்பாடி கைலாசநாதர் கோயில்,அன்னுக்குடி காமன் சுவாமி கோயில்,சோ. கருணைநாதன்,லோரி மாகாணம்,பாலைவன நரி,பழைய ஜெயங்கொண்ட சோழபுரம்,மீனாட்சிப் பேட்டை சுப்ரமணியசாமி கோயில்,டாய் ஸ்டோரி 3 (திரைப்படம்),அயன்தத்தனூர் ஊராட்சி,ஈர்ப்பிய சிவப்புப்பெயர்ச்சி,வாதீ ஹல்பா,வௌதா கண்காட்சி,தாம்செனோலைட்டு,உண்மடி,ரைபிள் பேரக்ஸ்,தர்பார் மகால்,தம்பி (2006 திரைப்படம்),எதிர்வு அடைப்பு உறவு,தாவரவியல் வரலாறு,துன் பாத்திமா,சொம்ச்சாய் வொங்சவாட்,துறையூர் வட்டம்,உயிரி கலைக்களஞ்சியம்,முனாப் பட்டேல்,விஸ்வாஸ் சதர்கார்,மகாஜனபாதங்கள்,3-மெத்தில்-1-பென்டனால்,மத்தி (சங்ககால மன்னர்),கூகுள் தொடு வில்லை,சிபோரா பறக்கும் அணில்,தலைமுறை,களபூமி,கோட்டூர்மலையாண்டிபட்டிணம் வேணுகோபாலசாமி கோயில்,ருத்தேனியம் ஐம்புளோரைடு,தா. வேளூர் ஊராட்சி,வங்காளம்,தீக்கோல்,வெங்கட்ரமணன்,த பேர்சுயிட் ஒப் கப்பினஸ்,மாங்காடு வெள்ளீசுவரர் கோயில்,தேவகோட்டை இரஸ்தா,வால்வரின் - காமிக்ஸ் மாயாஜால கதைகள்,ஒட்டாவைட்டு,லாஸ்ட் (தொலைக்காட்சித் தொடர்),செங்கம் வட்டம்,தகவல் மேலாண்மை மற்றும் பகுப்பாய்வு மையம்,போரிஸ் பாஸ்ரர்நாக்,வெள்ளத்தோடு அணை,இசுரேல் உச்ச நீதிமன்றம்,தாயனூர் வைகுண்டவாசப்பெருமாள் கோயில்,மினோஸ்,புரோதோம் அலோ,சரத்சந்திர சட்டோபாத்யாயா,ஸ்ரீ சக்கரம்
ar,بحر التعاون,فيليب مارتن (كاتب بريطاني),فرناندو مارتينيز (لاعب كرة قدم مكسيكي),جون سامرز,وائل وجدي,أحمد عبد الكريم السعدي,مستكشف الأشعة فوق البنفسجية الدولي,الطماطم المقلية مع البيض المخفوق,ألكسندرو توري,مصفاة جمناجار,ويليج أف برانتش (نيويورك),جيف بيل (لاعب دوري الرغبي),صفيحيات الخيشوم,يلينا ريباكينا,الكويكب 265294,تشارلز إل. كاتلن,VAPB,بهيات الشعر,فيتاليي كالشين,ليه كرين,غوردون لاو,ألبيرتو سافيدرا,فيليبي ديلغادو,آ رينكل إن تايم,سيزار كاماتشو كويروس,ابن إسحاق التونسي,جورج هندرسون (سياسي كندي),الهجلة (بروم ميفع),بنيسيليوم ألبوكوريميوم,جيمس مورتون,علم محافظة الإسماعيلية,جيمس ألين غراف,إيان آتكينز,عنقود مجري,بيتسي بلير,كأس سين هون 2012,الفلكانويد,الجلوبيولين المضاد للخلايا الثيموسية ( ATG,باكس تينغ,جبل التحكيم,زاوية سيدي بوخروبة,فانكوفر وايتكابس (1986-2010),حرية الاعتقاد,كونور غليسون,خالد الباتلي,خديجة هما خاتون,أنطونيو غارسيا برييتو,ويليام راسيل (ممثل أفلام),لقمة جروب,سفارة ميانمار في واشنطن العاصمة,كاتوفيتسه,رودريك هود,فعل القتل,لي ها-نا,ليزا سميت,آيت أوكستيت (تغدوين),الخربة (بن ربيعة),(22977) 1999 VF24,(27823) 1993 UC8,جوش شنايدر,(25631) 2000 AJ55,خلافية (نبات),أمالي الصدوق (كتاب),اسفير,الكويكب 246527,ريتشارد تيتموس,المصرية لمدينة الإنتاج الإعلامي,هاري في. روبرتس,خمارة القط الأسود (رواية),تومي مادن (لاعب كرة قدم),بيير فاتو,أندريا ميتشل داريغو,أوهيووا (نبراسكا),خرفار صغير,بيت عقلان (ذي السفال),نصب الأمير ديبونيجورو,دايورة ثلاثية الألوان,روي بارنز,إيلين كلارك,إيربيت,أوهنينهيم,أفيرسا,كرة القدم في دورة ألعاب جنوب المحيط الهادي 2007,جينيسيو (نيويورك),حبوب منع الحمل المركبة,احتياطي البترول الاستراتيجي (الولايات المتحدة),ريتشارد ويلسون (لاعب كرة قدم مواليد 1956),راشيل بوتير,آيت طوطس (تاونزا),لاري دالي لي,كأس الأمم الإفريقية,هيفومي آبي,مطار برج العرب الدولي,رشيد معطر,محمد المجالي,تطفر الأنواع,باولو مونتيرو (لاعب كرة قدم برتغالي),وحي القلم,انقباض الرحم,مجموعات الأعداد
zh,段士楷,吉姆·基雷斯,安格莊水庫,菲蓋拉-達福什,王亮 (1975年),罗城仫佬族自治县,利昂内尔·梅西,楚辞新论,淑女與髯,曼乔内斯,苯磺酸阿曲庫銨,吸收犯,特里凯维尔,沖天火,城南街道 (临泉县),尹蘭中,哥伦布宫,咏梅,魔法陣,氯苯酚,俞百巍,威尔·克罗瑟斯,2017年夏季世界大學運動會柔道比賽—男子團體,恩诺皮德斯,楊洋 (短跑運動員),史蒂芬·巴塞特,天主教瓦利斯和富圖納教區,中华苏维埃共和国中央革命军事委员会旧址,琼堆寺,高野实,粉红胸鹨,波蘭國家男子籃球隊,朱长文,瑟勒齊格鄉,竹聯幫寶和會,非常6+1,格沃茲季奧韋,HD 41312,冈格尼尔,錫奧多西亞 (密蘇里州),迪爾菲爾德,彼咯,宝山区各级文物保护单位列表,1987年4月逝世人物列表,黄桂华,小行星7135,高修仪 (完颜亮),2000年夏季奥林匹克运动会苏里南代表团,大坂直美,帕帕韋斯特雷機場,共青镇 (科米共和国),纳济亚,平山遊季,闵可夫斯基图,矢野泰二郎,埃爾德海崖,TrueSkill评分系统,法华三部经,中国人民解放军空军航空兵第四师,鄭成孝,孙贵宝,木金父,8号美国国道,台城镇,塔克·卡尔森采访弗拉基米尔·普京,娑摩吠陀,粗筒苣苔,泛菲律宾公路,姿态控制发动机,獅子座6,药水洞苏维埃政府,黄脊游蛇,前首都列表,帕莱斯特里纳 (罗马首都广域市),黃紹箕,蒙塔诺安蒂利亚,中华人民共和国厦门海事法院,24karats TRIBE OF GOLD,恐龍家族,巴泰斯克,乌鲁木齐市第十三中学,馬來西亞—敘利亞關係,1987年电子游戏界,Facebook-剑桥分析数据丑闻,亚历山大·彼得松,自上而下和自下而上設計,狮头山登天步道,福州日升中学,莱马尼,录鬼簿,类蒙瓢蜡蝉属,地稍瓜,高要区,隔离墙,北方真兽高目,BOYNEXTDOOR音樂作品列表,英雄日常,小行星列表/280501-280600,沈谦芳,团结乡 (通榆县)
ja,中島みゆき ソングライブラリー,頭脳バトルBRAIN-X,アチーブメントテスト,Progressive (曲),甘延寿,Flame of love,金太煥,2015年の口永良部島噴火,ボルゴ・マントヴァーノ,困難な人生,ディエゴ・シモネット,KBSニュース12,中原杏,西里村 (山形県),唐人里線,双和村,南太平洋海戦,アレクサンドル・トルドー,ジュゼッピーナ・レオーネ,石狩市,コズミックウォーズ,STS-62-A,佐々輝子,クリスマス切手,八幡岬 (千葉県勝浦市),Kontakt,エストニア時間,小田村有芳,森後町 (神戸市),志岐氏,ショップチャンネル,旭川中央警察署,瀬戸干拓,名岐鉄道キボ50形気動車,大崎地域広域行政事務組合,アフマド・キャスラヴィー,訃報 1973年12月,代々木神園町,角瀬保雄,京都大学臨界集合体実験装置,地球温暖化対策推進本部,ソロモン・イブン・ガビーロール,1981年のヤクルトスワローズ,石塚七菜子,プレミアアンチエイジング,基兄王,トレンズ湖,砂防,香川松石,馮飛,アントーニオ・ベルトローニ,東浜 (福岡市),茨城農政事務所,ヴィジャヤ・ニルマラ,ヴァシーリー・ゴリツィン,鬼頭典子,蒲江県,滋賀県立守山北高等学校,ティー・エヌ・エー,HORIZON millennium album & singles,ロッド・ストリックランド,BMW・M4,カーメロ・アンソニー,リガ・トロリーバス,PeaZip,虎豹騎,幡中町,宇佐美彰朗,染野行雄,2000年シドニーオリンピックのタイ選手団,グリゴリー・ドロスト,慈恵学園停留所,東アッティカ県,ロック・フェスティバル,タナカハルナ,槻田村,交響曲第1番 (シマノフスキ),西岡德馬,世界びっくりスペシャル,ミッシェル・エコシャール,信濃むつみ高等学校,佐久市立近代美術館,千田貞暁,希望の泉,人民作家,アドルフ・シュトラウス,体育とスポーツの図書館,ハンブルク,福絵美子,グスタフ・ランゲ,SBJ銀行,牛尾梅吉,A9.com,国家と教会および教会と学校の分離に関する布告,王立化学会,恵下山城,深谷亮司,マーティン・スタンツェライト,尾張横須賀まつり,ヤマハ・CBXシリーズ
ko,주시 (정신분석학),량규사,요한네스 뤼드베리,크리스터 스텐달,이니고 페레스,이치카와마마역,보우만막,마테이 델라치,다자와코역,니콜라스 페리콘,나하리정,신뢰성 공학,김종천 (축구 선수),아마엔보,Spring Up,Lotus (산타나의 음반),상카에타누두술,2018년 동계 올림픽,후지오카 히로시,진짜로 감사해!,슈퍼 전대,대림교통,연애삼매,바바라 (2012년 영화),미터버스,스즈키 가쓰히로 (축구 선수),칼리 머스클,카를로스 멘샤,라스무센 (가수),동두천송내초등학교,고욱,광양구,파셴 계열,도킹 및 버씽,에토모반도,나바티예,길다스 사피엔스,박수빈 (1982년),제30의무여단,ARMS,상하이 남역 (1908년),단거리 이착륙기,세자르상,오히라촌 (지바현),카홉스카야선,Unholy Confessions,미노와촌 (후쿠시마현 이와키군),미나가와 히로시,원평초등학교 (전북),알리안츠 필드,스캇 서비스,고성 운흥사 괘불탱 및 궤,컷 패스트볼,천사가 된 사나이,보스토크 5호,타니가와 나가루,농심데이타시스템,카스페르 울리크 모르텐센,페르난도 세레나,비월 주사 방식,생방송 오픈 스튜디오,임스트군,쌀밥,김아선,냉각류,쿠 훌린,페루,음탕한 재키 엽서,학원묵시록의 등장인물 목록,사동초등학교 (경북),거울망상증,레베카 위속키,커맨드 앤 컨커: 레드 얼럿 (비디오 게임 시리즈),동국여지비고,토막글,마리아 테레지아,므와바,이주원 (1951년),직무승계권,DVB-T,자기부상열차,수미산장,중국의 축제,단백질의 1차 구조,미콜라 바잔,튀르키예의 머리쓰개 금지 논란,김덕규,잔 베퀴 뒤 바리 백작부인,토파어,캐시 쇼워,가우스단위계,아자우섬,소가 (무양유후),다이앤 레인,카림 오니시워,구미시,김용만 (정치인),키리바트,박이현 (배우),봉래산
ta,உடப்பு,திருவட்டதுறை ஊராட்சி,எஸ். ஆஸ்டின்,தனஞ்சய யஷ்வந்த் சந்திரசூட்,டுயோங் தூ யோங்,கோபுராஜபுரம் பெத்தாரண்யேஸ்வரர் கோயில்,தரவு அகழ்தல்,1955 சூன் 20 கதிரவ மறைப்பு,தமிழ்நாட்டில் உள்ள மின்னுற்பத்தி நிலையங்களின் பட்டியல்,மல்வானை,களியன்,பீ.பி,அணியாலைகாம்பட்டு ஈஸ்வரன் கோயில்,பிச்சன்கோட்டகம் மாரியம்மன் கோயில்,பத்மனாபபுரம் பாலசுப்பிரமணிய சுவாமி கோயில்,உயிர்ச்சத்து ஈ,ஆந்திரப் பிரதேச விரைவுவண்டி,ஹன்ட் (ஹாம்செயார் துடுப்பாட்டக்காரர்),இந்தியக் கருப்பு பட்டாணிக் குருவி,சிரீ சிரீ இரவிசங்கர்,சவுத்ரி சரண் சிங் பன்னாட்டு வானூர்தி நிலையம்,கூத்தாநத்தம் ஊராட்சி,"பெண்கள் கிறித்தவக் கல்லூரி, கொல்கத்தா","சா. பூல்சந்த் வீர்சந்த் அரசு மேல்நிலைப் பள்ளி, சீரநாயக்கன்பாளையம்",எட்டாம் இராமவர்மா,விடுதலை இராஜேந்திரன்,மாட் டோல்மாச்,"நெல்லையப்பர் காந்திமதி அம்பாள் கோயில், தச்சநல்லூர்",உத்தராகண்டம் மாநிலங்களவை உறுப்பினர்களின் பட்டியல்,சால்ட்வுட் மினியேச்சர் ரெயில்வே,தூரமானி,வெப்பம் விடு வினை,பைசாலி மொஹந்தி,யெர்ரகலுவா ஆறு,அடிரோன்டாக் மலைகள்,குலு தசரா,உருவாத்துக் கரீம்,"அரசு மருத்துவக் கல்லூரி, மகபூப்நகர்",தர்மேந்திர பிரதான்,வியட்நாமிய உணவு,செல்ஜா குமாரி,"கேம்பிரிஜ், மாசசூசெட்ஸ்",சூரிய ஒளி மண்டலம்,பனமலை சஞ்சீவிராயர் கோயில்,கீரந்தையார்,சொக்காபுரம்,தேவகிரி யாதவப் பேரரசு,மேயின் ஹூன் நா,தமிழ் இணைய நூற்கடைகள்,உயிர் மின்னணுவியல்,உய்குர் மக்கள்,மரபணுத்தொகுதியியல் மற்றும் ஒருங்கிணைந்த உயிரியல் நிறுவனம்,அசுபெர்கர் கூட்டறிகுறி,பட்டான்கோட்,ஆதிநாராயணபுரம் அய்யனார் கோயில்,அ. ஜெயராஜ்,குமரிக்கண்டம்,ஸ்ரீ நாராயண தர்மம் (நூல்),இந்தி விக்கிப்பீடியா,ஈழப் புரட்சி அமைப்பு,காக்கும் தெய்வம் காளி,அமசான்கள்,சிரிக்காதே,பெத்பகு,தமிழகக் கலைகளும் கல்வெட்டுகளும் (நூல்),சேம்சு கார்ஃபீல்டு,கொரட்டூர் ஊராட்சி,பெகூலா,முதலாம் சிறிநாகன்,பரதசேனாபதீயம்,மொகதா தாலுகா,திருமந்திரார்த்த அரும்பத விளக்கம்,நிக்கல் ஆக்சைடு ஐதராக்சைடு,திருபாய் அம்பானி,இந்திய வங்கிகள்,பச்சை பெருந்தட்டான்,ஐந்தாம் சேனன்,தும்பு,இலையடி பழச்செடி,கண்மணி (தொலைக்காட்சித் தொடர்),நான் தான் பாலா,மேர்க்குரித் திட்டம்,கார்பினே,எச். எச். ஆர்ம்ஸ்ட்ராங்,மல்லிகார்ச்சுனன் (சிலஹாரா வம்சம்),கெஸ்டெர்நிக் சண்டை,சுல்பிகர் பாபர்,அல்சீரியக் கால்பந்துக் கூட்டமைப்பு,திருநள்ளாறு சட்டமன்றத் தொகுதி,மன்காபூர்,கிளிசே 328,குறும்பொருளியல்,பசிஸ்தா நரேன் சிங்,"மேற்கு வளர்ச்சி பிராந்தியம், நேபாளம்",பல்குழல் உந்துகணை செலுத்தி,நார்விச் கிராப்பர்,விந்தகம்,காராச்சர்மா,மயிலாப்பூர் விருபாட்சீசுவரர் கோயில்,கே. ர. ஸ்ரீதர்
